sid,length,mean_lat,mean_lon,cluster
1854303N14072,7.5255723,17.028,71.524,1
1877135N10083,18.891977,16.493105,83.28103,0
1877192N21090,15.177361,21.917646,83.914696,0
1877218N21090,3.8123093,22.677776,89.566666,0
1877220N22092,1.7830607,23.099998,91.38,0
1877226N21089,4.6275434,22.58889,88.49444,0
1877230N20091,3.3168325,21.661112,89.94444,0
1877241N20088,3.274986,21.35,87.46667,0
1877249N20088,6.308152,23.045238,86.13334,0
1877307N18091,4.0959353,19.822222,91.57779,0
1878202N18087,20.050852,21.521622,80.63378,0
1878215N20086,4.2587786,20.9,84.18,0
1878218N20089,8.764398,21.666666,84.57223,0
1878256N19090,19.719002,21.29655,79.87587,0
1878261N18090,7.9046946,20.473808,89.17381,0
1878287N16084,1.6186908,16.59,83.590004,0
1878301N15084,3.516407,16.122223,83.38333,0
1878308N16084,3.9330432,17.572222,83.17222,0
1878339N17087,4.560985,17.423079,84.28462,0
1879140N13081,1.2828405,13.32,80.55,0
1879141N12073,7.9308,15.688461,72.03077,1
1879149N21087,8.007828,21.434614,84.69616,0
1879220N21088,10.763814,22.704762,83.9,0
1879256N21090,6.1971483,21.258825,88.320595,0
1879265N20089,14.731841,20.911999,82.684006,0
1879284N19092,9.181318,20.405882,88.62941,0
1879299N20092,3.4531577,21.400002,91.909996,0
1879305N15097,5.3393555,17.60588,96.176476,0
1879322N13081,2.3041735,13.530001,80.44,0
1880153N20089,5.39404,21.973076,88.13077,0
1880177N19088,8.364032,20.502382,85.03571,0
1880196N20089,9.886179,21.996155,84.87308,0
1880214N20088,17.412512,22.669699,82.52576,0
1880233N21089,7.1354957,22.176191,87.473816,0
1880257N19089,17.643784,22.090475,81.176186,0
1880265N20088,1.7934965,20.32,87.24,0
1880267N21088,6.839556,21.166664,86.149994,0
1880287N17085,5.0908513,17.316666,84.27779,0
1880325N10082,1.8422954,9.950001,80.899994,0
1881146N14067,12.304419,17.212069,64.0069,1
1881146N20090,5.2169905,23.083336,89.42777,0
1881154N20089,2.8000011,20.777779,88.6,0
1881157N21088,11.077982,21.396152,81.26923,0
1881165N21089,6.3757844,23.02941,87.997055,0
1881183N21088,9.184477,20.93889,83.38333,0
1881194N21090,13.51159,21.557142,86.23096,0
1881214N20087,16.674978,21.683332,79.444435,0
1881230N21089,5.4589963,22.02,85.97,0
1881254N20089,15.493149,21.992308,82.834625,0
1881277N17085,9.143001,20.92619,84.18095,0
1881315N11082,4.021278,12.066667,81.07778,0
1882192N21089,8.23212,20.805883,85.51471,0
1882199N21089,19.953892,23.514286,82.15714,0
1882204N20089,12.851519,22.66154,82.823074,0
1882212N20088,0.0,20.0,88.0,0
1882231N21089,11.51533,23.644117,83.61471,0
1882249N20090,25.391024,24.12027,79.554054,1
1882257N18087,4.26003,18.99231,85.64232,0
1882269N16092,15.40225,21.26724,85.11897,0
1882285N13085,11.976127,19.480953,86.564285,0
1882300N11089,11.054651,14.685714,85.57381,0
1882325N09089,14.098949,11.135714,82.03809,0
1882332N10087,7.181423,11.216667,83.522224,0
1883165N21087,7.5873756,24.57941,85.96471,0
1883177N20089,24.277092,21.798485,82.259094,0
1883183N22068,3.321074,22.466667,66.5,1
1883184N20090,2.5186877,21.811111,89.02223,0
1883187N20089,9.424968,20.726921,86.411545,0
1883193N19089,4.5870495,19.57778,86.68333,0
1883196N22068,3.3210735,22.42222,66.5,1
1883207N21090,6.407,21.977777,87.40555,0
1883234N18088,4.6073313,18.746153,85.83077,0
1883314N11095,10.094182,14.970589,93.57353,0
1883338N17086,6.289995,18.983334,88.672226,0
1884135N11090,8.162661,14.638462,90.19231,0
1884171N20088,11.838167,22.05,83.7,0
1884182N21089,10.35759,23.29706,85.53824,0
1884191N21089,18.883911,22.033333,81.276184,0
1884197N20088,7.6488075,20.407692,83.82692,0
1884200N21089,13.690563,22.341892,84.10676,0
1884215N21088,13.593948,24.451723,82.88447,0
1884251N20089,8.065468,21.002943,85.87941,0
1884261N17088,23.135445,22.29649,81.46227,0
1884290N10082,3.5162282,10.084616,80.56922,0
1884298N16085,7.5587444,18.83889,86.3,0
1884305N19090,2.5791287,19.97,90.07,0
1884310N11082,0.5,11.0,81.46,0
1884325N13083,0.0,12.5,82.5,0
1884349N08083,5.7771783,9.211764,81.70882,0
1885150N13061,10.662444,13.049999,56.069233,1
1885156N12071,16.36934,16.168182,67.81364,1
1885167N21090,2.8698828,22.261538,89.14615,0
1885177N21087,12.0613,23.861538,83.55385,0
1885195N20088,5.8839054,20.572222,85.75,0
1885204N21089,2.4531214,21.529999,87.95,0
1885228N21088,8.890623,22.65,83.97221,0
1885258N21088,5.008817,21.68,85.490005,0
1885262N15093,13.761902,19.25,87.74285,0
1885306N13082,2.9979272,13.7,80.49,0
1885322N12082,15.76407,15.961906,85.50238,0
1886143N11082,2.288514,10.83,80.55,0
1886144N07062,13.964584,13.367647,65.18235,1
1886166N20089,23.86559,25.732761,80.77414,0
1886198N20088,18.17711,23.01724,80.906906,0
1886224N16082,15.987933,18.859459,83.460815,0
1886261N20088,6.024716,21.404762,86.814285,0
1886270N15089,13.520601,16.595238,83.080956,0
1886290N16087,4.5885186,16.433332,85.100006,0
1886306N10092,37.295116,13.846226,78.68962,1
1886319N11094,13.372126,13.680302,91.72576,0
1886342N11085,4.9995785,12.030001,82.86,0
1887141N16092,12.135037,19.684484,88.77586,0
1887158N18071,11.886666,18.491177,65.07647,1
1887162N18088,11.221895,20.205883,84.84705,0
1887170N21088,4.5267477,23.122221,87.25,0
1887188N25082,6.3967533,27.069227,80.715385,0
1887191N23088,12.051718,24.884615,81.815384,0
1887193N23091,12.488596,22.192308,85.42308,0
1887198N21088,13.731352,22.319767,85.3907,0
1887229N18087,5.195728,19.084616,85.41923,0
1887233N21088,12.187675,23.828571,82.86666,0
1887252N21089,11.927908,21.321426,85.454765,0
1887264N20088,6.558325,22.52381,88.77142,0
1887280N11085,25.280575,16.063793,77.622406,1
1888132N10081,1.9106576,10.429999,80.45,0
1888184N24088,8.744989,24.849998,83.869225,0
1888194N19087,3.2446966,18.827778,86.04445,0
1888201N21089,9.435966,23.947058,84.623535,0
1888208N25083,7.145297,25.466665,80.03809,0
1888217N21088,4.5981526,21.193998,87.326004,0
1888228N23088,17.34914,24.113998,81.464,0
1888234N21089,9.4358635,23.90909,86.84698,0
1888250N20087,9.354446,24.117647,83.088234,0
1888257N15099,29.033432,20.696552,85.06207,0
1888275N15094,13.63608,17.32,91.116,0
1888301N11091,11.892652,11.642858,86.47143,0
1888309N16068,6.93629,16.740475,68.59286,1
1888347N10087,7.930424,9.996154,82.600006,0
1889153N14070,16.75569,19.38788,68.1894,1
1889159N15087,11.179431,20.295237,87.3381,0
1889200N21089,8.191564,23.13077,85.46154,0
1889208N21089,5.404483,21.983332,86.37778,0
1889217N21089,10.961184,21.353848,82.63846,0
1889228N21089,14.170723,24.197618,82.95,0
1889260N17088,13.712555,20.321428,83.79762,0
1889288N14083,16.4233,16.54,77.766,1
1889298N21088,2.7366443,21.13889,88.65556,0
1889322N13084,6.8287024,15.188889,84.29444,0
1889351N10081,1.7472188,10.290001,80.51,0
1889357N14087,5.760923,14.684615,84.21923,0
1890125N12094,7.8523073,14.980769,93.92308,0
1890153N19069,11.074548,21.319231,65.04615,1
1890169N19086,9.28984,21.607693,83.67692,0
1890173N23089,3.1591864,23.883333,88.43888,0
1890182N20088,20.837282,25.488235,78.58236,1
1890192N25084,3.4708219,24.86111,81.788895,0
1890224N24087,7.3125296,24.23077,82.98461,0
1890266N18085,13.277954,21.555883,82.48823,0
1890283N14085,8.713296,16.84706,85.179405,0
1890294N17090,7.2165537,21.788462,90.138466,0
1891140N10082,7.7919254,13.4761915,83.15952,0
1891205N22088,19.455992,24.12,80.48801,0
1891213N20091,9.414131,21.323078,87.36153,0
1891224N23089,9.383027,23.829412,85.17941,0
1891245N20089,10.200991,23.116667,84.02778,0
1891248N21089,13.456647,23.766666,81.77142,0
1891254N20088,9.613898,22.788237,83.70588,0
1891260N19087,9.5694475,19.744444,83.73889,0
1891263N16097,29.474707,22.161222,82.60714,1
1891293N10084,4.6849837,10.8307705,82.75384,0
1891305N08074,2.0656862,7.9222226,73.505554,1
1891305N10097,26.339214,16.964,88.9,0
1891324N12088,7.98844,13.503846,89.89616,0
1892119N17061,19.779764,21.332354,66.5294,1
1892153N20070,6.216178,21.238886,68.28334,1
1892160N19089,10.681873,22.259525,84.957146,0
1892191N20089,8.100462,21.717646,85.608826,0
1892200N24086,4.0430593,25.044443,84.45,0
1892204N23087,16.861155,24.464706,80.51471,0
1892242N18087,16.690168,22.166666,80.32274,0
1892251N18091,14.96521,20.588095,85.41667,0
1892263N15086,9.254078,16.607693,83.407684,0
1892288N10092,13.1769085,12.361538,87.34999,0
1892292N14094,17.091585,15.61154,84.792305,0
1892300N11086,13.952513,14.321427,81.8881,0
1893115N12092,6.513501,13.883332,93.272224,0
1893143N20087,5.862526,21.519047,87.82381,0
1893163N13092,19.659477,18.436363,82.99242,0
1893176N23091,18.327852,24.738094,82.76666,0
1893212N20088,10.051946,21.664705,85.194115,0
1893244N21088,13.890596,23.011765,84.03529,0
1893252N18090,28.625938,24.2,78.89024,1
1893264N18089,12.235466,21.526192,86.00715,0
1893293N16091,7.2998996,18.222221,90.19444,0
1893298N11096,6.06269,13.246154,93.61922,0
1893308N10084,5.299296,11.405556,81.69444,0
1893316N12073,17.042728,15.339394,68.47879,1
1894117N13093,4.7542267,14.699999,94.38333,0
1894164N23091,19.558634,24.05238,82.69048,0
1894172N20087,8.964231,22.915384,85.03076,0
1894184N25089,23.5138,25.648485,78.04546,1
1894192N20087,19.45979,21.86923,78.850006,1
1894197N20089,19.514269,22.253447,79.60345,0
1894205N22088,7.337525,22.988462,85.138466,0
1894225N23088,8.558355,24.066668,83.30001,0
1894270N20087,10.249903,22.544117,81.511765,0
1894275N21088,9.511969,23.153849,84.95769,0
1894296N15068,6.0608554,17.48077,68.21923,1
1894303N13090,9.407267,14.753845,85.71923,0
1895112N11086,12.704401,14.361764,87.52647,0
1895165N18070,9.387049,21.091177,67.95588,1
1895170N21088,11.514267,22.650002,82.31112,0
1895179N21088,10.607248,23.520689,84.28966,0
1895199N20088,6.6529655,22.58077,86.23462,0
1895211N21088,9.341934,23.05,83.54615,0
1895218N20088,16.007416,22.484615,82.25385,0
1895247N17087,11.777141,17.68077,81.64232,0
1895259N18090,11.045594,21.491177,87.299995,0
1895273N18087,6.7355876,20.022223,88.272224,0
1895344N12089,11.243311,16.849998,89.21111,0
1896146N13070,13.204064,16.412,66.288,1
1896170N21089,22.299423,23.7,82.21905,0
1896178N21090,15.356001,23.47143,84.91428,0
1896204N21089,11.96323,21.515383,83.26923,0
1896208N21090,11.692096,21.635294,84.217636,0
1896214N21089,8.726039,22.08889,85.3,0
1896226N21088,18.025846,22.296154,80.149994,0
1896233N22089,5.3946404,23.18889,87.32223,0
1896257N20090,8.664176,22.42,87.80999,0
1896319N06079,22.52436,11.806896,72.07758,1
1897133N15096,2.0,16.0,95.8,0
1897166N20089,11.443715,22.030952,85.04525,0
1897190N21088,6.0384808,21.509998,84.880005,0
1897191N20070,2.8422985,21.377779,69.88333,1
1897195N25088,10.435005,25.167646,82.36471,0
1897225N21088,17.438128,25.118,79.271996,0
1897252N19085,8.856198,19.322222,81.41666,0
1897255N21070,5.182134,22.28889,67.905556,1
1897266N17090,18.24726,21.173077,82.21924,0
1897275N18084,7.705037,20.599998,84.388466,0
1897294N14096,8.772182,17.461536,92.18462,0
1897360N13085,3.5073264,14.646154,85.36539,0
1898125N13095,7.358279,15.866665,92.350006,0
1898151N11059,13.281305,17.664705,58.217648,1
1898152N11060,13.918192,17.867645,58.52941,1
1898164N18086,9.506565,21.763792,87.58794,0
1898183N21089,12.054863,23.32647,83.07941,0
1898197N25085,14.256838,26.314705,78.75883,0
1898221N21089,5.568227,23.257692,86.861534,0
1898225N24090,6.458853,24.642307,87.10768,0
1898233N22091,11.523503,22.344444,84.81667,0
1898240N24090,9.288957,23.83077,85.542305,0
1898254N18087,8.29858,21.714287,85.95476,0
1898263N21089,10.528676,24.380768,84.223076,0
1898282N13085,18.330246,17.989998,84.286,0
1898309N11085,21.102215,14.198001,74.032005,1
1899118N13094,3.720818,14.72647,93.941185,0
1899194N23089,9.459128,24.265385,87.12694,0
1899220N16094,15.4492445,19.308825,86.9706,0
1899239N20087,8.717088,22.126925,84.723076,0
1899252N18092,23.46203,21.705172,83.68448,0
1899264N17089,7.403462,20.66923,88.70384,0
1899285N11082,15.317931,17.497059,85.14411,0
1900162N19088,11.980137,22.041178,86.23235,0
1900173N21088,2.702193,21.9,88.01111,0
1900194N21088,11.495439,23.800001,83.416664,0
1900210N19088,9.346731,20.185295,86.00882,0
1900221N20088,13.214238,21.47619,83.32381,0
1900227N20091,14.897282,21.876001,86.19,0
1900237N21090,11.840877,23.77857,84.64762,0
1900258N21088,15.104137,21.530615,83.820404,0
1900277N15087,14.490423,20.174,84.848,0
1900296N11085,4.9476824,11.98,83.13,0
1901115N06074,37.401608,16.240244,66.71708,1
1901264N17085,8.414608,19.3,82.43846,0
1901278N17087,5.968558,19.796154,88.41539,0
1901286N17087,17.668129,18.708824,80.25589,0
1901318N16084,11.827117,19.297058,87.42352,0
1901328N12088,13.391889,18.338463,87.75384,0
1902125N14095,2.2486825,15.05,95.479996,0
1902127N12055,26.339502,17.846552,60.62069,1
1902162N19070,7.7844005,21.490475,68.02619,1
1902196N21089,12.37405,23.941177,82.738235,0
1902208N22088,14.828389,25.053999,81.306,0
1902231N18086,17.967848,21.964706,77.49118,1
1902236N20088,14.558197,23.367647,81.20588,0
1902244N21088,14.746989,22.694447,81.07778,0
1902266N18090,9.238035,21.223076,87.96924,0
1902287N14064,5.550998,14.907693,61.99615,1
1902300N09085,8.225102,12.166667,81.94444,0
1902301N11065,11.335687,11.783333,59.75952,1
1902341N09063,13.991611,14.026192,66.75714,1
1903142N16072,2.7899418,17.555555,71.93888,1
1903163N14072,15.193781,19.02381,68.042854,1
1903176N22088,2.7952542,22.2,86.740005,0
1903193N18087,2.559459,19.016665,85.772224,0
1903195N21070,2.1071029,21.233334,70.44999,1
1903204N21087,5.9082775,20.78,84.079994,0
1903213N20087,7.6203117,21.372223,84.48889,0
1903241N17085,2.1079862,17.460001,84.64,0
1903254N23089,9.915587,24.800001,83.67647,0
1903278N19086,14.156187,23.473999,81.664,0
1903301N13084,11.583238,17.965385,83.35384,0
1903308N11087,7.081901,11.711111,83.5,0
1903317N14087,9.648824,17.7,88.82778,0
1903329N10087,5.2736177,10.327778,85.84444,0
1904146N14083,14.361414,18.765385,83.55,0
1904162N21089,4.035038,23.194445,89.70555,0
1904184N22085,3.6162262,21.580002,83.45,0
1904189N23089,11.249479,24.10588,83.39706,0
1904225N20089,10.685981,22.897057,84.91471,0
1904233N21089,12.904398,23.394117,84.07353,0
1904254N18086,18.657045,20.894825,79.86206,0
1904288N13085,11.424168,17.13077,82.41923,0
1904326N13089,10.424319,17.227777,90.30556,0
1905181N21087,11.064246,23.196154,82.25,0
1905186N22089,12.319122,22.826923,83.18846,0
1905192N21090,6.7993307,22.938465,87.26154,0
1905200N21089,19.08914,22.045237,79.12142,1
1905250N19087,23.616383,23.702381,78.9,1
1905265N16087,10.80652,18.414705,83.64412,0
1905271N22089,6.107297,23.811111,86.399994,0
1905295N17067,9.020277,15.782352,63.714706,1
1905296N17086,9.0894,19.665384,88.42692,0
1905342N15092,1.8472123,15.720001,92.46,0
1906015N08084,4.993582,9.105556,81.63333,0
1906169N19086,20.694084,22.469046,77.21428,1
1906188N24090,8.803681,22.711765,86.27058,0
1906202N20087,6.909463,20.883333,83.80556,0
1906206N21091,5.0665855,22.727776,88.2,0
1906239N20086,8.754645,22.196156,82.87308,0
1906255N22089,17.782963,25.815386,80.184616,0
1906267N17088,11.511581,20.297058,84.479416,0
1906300N11085,6.252634,14.372223,84.24444,0
1906303N12058,4.799999,12.299999,55.652943,1
1906360N11083,2.8948522,11.49,81.53,0
1907067N08085,3.7518063,7.9555564,83.511116,0
1907135N18092,0.0,18.2,92.3,0
1907155N20067,4.6962876,22.127777,66.37222,1
1907164N16085,12.6519785,19.60345,86.20689,0
1907169N21067,3.5202274,21.927778,66.200005,1
1907174N20090,7.2017884,22.134615,88.207695,0
1907224N21088,7.9861255,21.502941,85.88824,0
1907230N23088,5.388627,22.557692,86.880775,0
1907238N21087,0.0,20.7,87.4,0
1907244N23089,2.7974436,23.333332,88.43889,0
1907278N21090,1.0414218,20.82,90.5,0
1907286N15091,10.607352,15.385715,85.52858,0
1907313N12062,7.695135,14.320589,58.97353,1
1907316N10087,7.397829,12.953847,84.2,0
1907328N09096,13.622105,10.194446,89.538895,0
1908168N21089,5.8874702,23.06,89.046005,0
1908214N20086,5.2276306,21.269999,83.5,0
1908220N21088,1.9436126,21.61,87.28,0
1908241N19087,21.962255,25.696974,78.11364,1
1908268N17085,3.4472153,16.546154,82.56154,0
1908299N10074,17.956434,12.338236,65.56765,1
1908306N10084,3.946381,11.155556,84.005554,0
1908314N14093,1.4236066,14.777778,93.36667,0
1908365N08083,10.271974,9.515385,79.27308,0
1909123N09084,3.589631,10.0,81.899994,0
1909132N14090,5.781748,16.194447,91.28889,0
1909212N21089,12.518541,22.76111,82.977776,0
1909245N15084,21.133307,18.715517,77.296555,1
1909264N21088,6.134651,21.03,85.06999,0
1909288N14094,11.737483,19.084616,90.50769,0
1909297N16094,10.141671,17.707691,89.62308,0
1909336N12085,14.109305,16.808823,86.502945,0
1910103N12090,12.109715,15.811539,91.284615,0
1910182N20090,21.732367,21.758001,82.1,0
1910213N19087,13.518429,21.964285,83.28809,0
1910251N22088,13.134121,25.25,81.26111,0
1910307N09083,8.062681,11.773077,83.549995,0
1910316N15086,7.2796264,17.622223,88.63333,0
1911105N14087,6.2917185,16.05,87.46111,0
1911143N09070,12.6247425,11.657693,65.37692,1
1911160N18089,16.393095,21.902,85.86999,0
1911169N21088,5.638147,22.652939,86.15588,0
1911240N19087,6.8475966,20.038887,84.888885,0
1911263N16093,22.607712,20.49091,83.645454,0
1911293N10097,9.0592985,13.799999,93.22692,0
1912209N20088,19.79398,21.892305,81.79231,0
1912214N18086,8.642815,21.679413,83.679405,0
1912241N20087,12.471798,23.850002,82.45385,0
1912249N22089,11.037227,23.583334,83.08334,0
1912266N15085,12.248561,18.285294,81.52059,0
1912299N15071,15.519605,15.02857,64.061905,1
1912302N08089,19.604898,16.42381,86.23095,0
1912324N08080,16.765495,13.4653845,73.223076,1
1912352N06082,3.7389746,6.2300005,79.95,0
1913197N19087,21.736828,23.00238,77.4119,1
1913204N21090,20.328423,22.961905,81.80476,0
1913211N22089,7.646007,22.338459,84.86923,0
1913218N23090,9.294224,25.057999,87.78199,0
1913236N24079,6.2412996,25.0,75.92,0
1913242N20087,16.955812,21.495237,78.99999,0
1913286N18086,10.3870735,21.484615,85.99615,0
1913304N15093,1.2236059,15.140001,93.32,0
1913311N07086,5.3280287,8.761111,83.5,0
1913349N06085,2.1948173,6.65,83.729996,0
1914133N13091,15.403714,17.967648,86.776474,0
1914153N18089,4.6330967,19.33,90.68001,0
1914175N19087,16.996614,20.70294,79.638245,0
1914191N19087,11.207392,22.03077,83.284615,0
1914216N24086,6.513841,24.747059,83.00295,0
1914256N18083,16.24825,21.430954,76.6619,1
1914275N11094,8.175194,14.353847,91.61923,0
1914353N09085,9.1011505,12.750001,85.42778,0
1915174N17088,11.832322,19.449999,82.65385,0
1915213N19089,13.695658,22.424444,83.92,0
1915238N18087,11.7543125,22.540003,84.21,0
1915249N19086,5.5706844,18.533333,84.155556,0
1915273N17089,17.974726,20.613792,82.098274,0
1915283N19087,6.087354,19.279999,84.03,0
1915308N13087,13.467356,14.500001,80.61923,0
1915319N17085,1.9436135,17.41,85.72,0
1915337N10090,6.644104,12.922222,92.43889,0
1916125N13091,11.556037,17.577778,91.53334,0
1916146N12062,7.2256613,13.677777,60.02778,1
1916156N19091,7.57828,22.355555,89.011116,0
1916163N21088,12.79699,22.43111,85.18666,0
1916226N21089,5.008276,20.720001,86.14,0
1916232N25080,7.0232573,24.97308,78.26923,0
1916263N18091,20.162706,22.527029,82.98514,0
1916276N18088,15.495568,21.67647,82.291176,0
1916289N10088,29.929178,14.213514,70.574326,1
1916295N12088,12.184874,15.517647,82.99117,0
1916301N15092,10.820969,15.788463,86.3923,0
1916306N18090,5.77569,20.32,91.99999,0
1916312N15095,14.854584,19.617647,90.16176,0
1916326N09088,9.747737,10.844445,83.18333,0
1917121N10084,15.768972,16.93846,85.19616,0
1917164N22089,12.236008,23.76154,83.934616,0
1917165N20067,4.28213,20.980001,65.83,1
1917177N20088,10.694202,21.449999,84.738235,0
1917211N23090,8.869917,24.291178,86.81765,0
1917219N21088,15.602429,23.899998,80.90385,0
1917248N18087,12.27321,20.97059,83.435295,0
1917274N19089,14.422141,21.134483,86.77586,0
1917292N10073,18.498428,16.95862,70.23621,1
1917297N11093,16.674969,16.70862,88.55345,0
1918014N07086,9.563723,10.676471,84.0147,0
1918144N21091,1.7135522,21.29,91.46001,0
1918165N21088,7.330813,22.032354,84.92647,0
1918209N20089,5.9348693,20.666664,86.29445,0
1918226N20088,1.5142121,20.094444,87.79444,0
1918238N24084,9.276201,24.011538,80.06923,0
1918247N20088,4.7131023,22.215385,87.33847,0
1918285N20089,2.7923694,20.240002,90.259995,0
1918314N10085,6.285274,11.5,82.5,0
1918321N09083,5.093196,11.916667,84.23889,0
1918343N07088,6.7167873,9.616666,85.32223,0
1919150N13067,9.654611,14.338461,63.700005,1
1919182N20087,10.807072,22.372221,80.950005,0
1919209N18090,18.549257,21.268965,84.950005,0
1919217N21091,11.940948,23.242857,86.67857,0
1919223N22089,7.401889,22.983334,86.16667,0
1919236N19088,13.474622,21.900002,84.56,0
1919243N20089,6.262871,22.855555,86.255554,0
1919266N15089,10.253664,20.188889,89.52222,0
1919305N10084,27.507114,12.384482,72.7569,1
1919317N14085,8.155078,17.326923,86.676926,0
1919363N08086,12.851862,7.1529408,80.61765,0
1920121N11088,9.853658,14.219047,88.48572,0
1920158N14069,10.995433,19.248486,69.4394,1
1920172N20087,12.852759,23.15,82.608826,0
1920184N17087,4.444002,18.404,86.884,0
1920197N17087,4.4618173,18.404,86.884,0
1920203N23089,15.892055,22.409525,84.26666,0
1920212N21089,4.727894,22.127775,86.666664,0
1920218N21092,11.3141165,22.984617,86.80001,0
1920238N19088,10.363225,21.272223,83.16111,0
1920250N17090,9.885699,19.97647,87.49117,0
1920325N10066,13.131329,9.622726,62.40303,1
1921096N10084,5.918691,12.688461,82.76538,0
1921205N18089,23.58149,22.249998,84.24828,0
1921220N21088,5.9715137,22.240002,85.45,0
1921245N18089,13.414378,20.609524,83.96667,0
1921245N23080,11.945725,23.827778,73.53333,1
1921258N18086,20.21913,21.80345,80.25861,0
1921277N11097,38.470184,14.391891,77.654045,1
1921297N12086,10.261466,16.811539,87.39615,0
1921310N11089,7.956442,13.455555,90.21112,0
1921361N05086,20.025576,5.714286,78.66428,1
1922108N09068,6.971377,10.458621,69.08965,1
1922109N09093,10.827749,14.155883,91.32941,0
1922188N20089,7.9986744,22.176922,86.18077,0
1922208N21088,8.678079,22.650002,84.08846,0
1922214N23088,5.4013577,24.166668,85.23333,0
1922231N21088,13.758142,23.51154,83.50385,0
1922251N19088,8.968629,19.550001,85.846146,0
1922265N20088,5.514575,22.53077,86.93846,0
1922288N10091,9.558817,12.819231,85.923065,0
1922312N14097,7.790642,16.511112,94.23333,0
1922321N12096,14.942513,14.073809,88.8619,0
1922329N09089,35.81495,9.4,74.39334,1
1922340N08091,11.702574,12.990476,90.5,0
1923006N06092,15.161991,6.152,85.134,0
1923117N14093,4.263137,15.455556,92.13889,0
1923122N14085,10.818516,18.020586,88.229416,0
1923185N23086,11.10171,24.482351,81.526474,0
1923200N19087,8.1058855,20.733334,84.95555,0
1923209N23091,11.813211,23.99231,82.96154,0
1923217N23089,11.680051,24.169231,84.03845,0
1923222N22091,9.025328,22.034615,86.84999,0
1923227N21089,5.600065,23.023079,86.69231,0
1923233N21090,11.583557,22.57619,85.12858,0
1923258N15086,24.70743,21.508535,79.55001,1
1923271N17086,11.298482,21.599998,82.134605,0
1923300N09083,7.854946,13.523077,81.94616,0
1923314N10090,18.284994,14.519513,84.97317,0
1923351N07073,12.900857,8.735714,66.49286,1
1923356N08087,3.212242,9.5,87.11111,0
1924069N07093,4.103696,9.194445,91.683334,0
1924118N10096,5.5691357,11.907143,94.27857,0
1924140N14094,10.041282,17.367647,91.22648,0
1924166N18091,6.074226,20.738462,91.526924,0
1924216N21090,14.004537,23.018967,83.91034,0
1924238N19089,17.669268,22.184002,83.34599,0
1924244N13096,25.40279,19.78788,85.62727,0
1924267N09089,30.971985,17.87069,78.299995,1
1924275N15088,7.5549827,16.283333,85.30556,0
1924283N15093,23.325531,20.538095,83.069046,0
1924292N14092,7.9560614,18.461538,91.57691,0
1924309N09086,12.911532,13.258823,81.891174,0
1924319N11089,9.962038,14.271429,86.44523,0
1925012N04079,4.2310534,5.294444,76.922226,0
1925071N06079,6.6967306,8.970589,79.75883,0
1925100N14094,5.4499884,15.15,93.457695,0
1925132N11092,27.281614,16.592424,84.96515,0
1925153N19071,13.789824,21.85,73.3619,1
1925175N19072,8.531015,21.573076,69.79231,1
1925177N20089,10.618164,23.353449,86.04828,0
1925184N21089,4.5878234,21.5,87.022224,0
1925192N21088,10.707133,22.357693,83.207695,0
1925206N22089,9.024793,22.180767,86.00384,0
1925232N21089,8.874876,21.434614,86.42308,0
1925242N19087,10.004874,23.409523,84.99762,0
1925249N20088,9.11953,23.296154,85.21923,0
1925257N23091,4.285644,24.972221,89.388885,0
1925287N14094,4.3379364,15.505556,94.03333,0
1925287N16083,8.533065,17.961111,85.50556,0
1925310N08084,10.390693,7.697059,78.90589,0
1925318N15094,0.0,15.0,93.8,0
1925328N09086,8.234019,11.026471,83.96176,0
1925353N11090,3.390305,11.9,88.22,0
1926139N09085,19.052658,15.520589,90.32941,0
1926186N22091,14.209486,22.942308,87.24231,0
1926217N18087,8.870494,19.349998,86.00769,0
1926225N24088,18.418655,23.033333,83.42575,0
1926244N25076,9.879475,24.5,70.43824,1
1926247N24087,13.76384,24.720589,80.66765,0
1926257N16089,12.93922,20.99054,83.659454,0
1926259N21070,5.9782166,21.691177,69.00588,1
1926272N16093,14.35338,17.311766,86.755875,0
1926288N14095,9.127516,18.038462,94.46923,0
1926312N06072,20.438196,7.096552,61.42069,1
1926325N10085,12.4558935,13.707143,89.00001,0
1926358N10087,11.302805,13.815385,88.63461,0
1927125N13088,4.908642,15.516666,89.611115,0
1927134N14096,6.6975718,14.623077,93.77693,0
1927151N11071,16.785131,16.05,65.369995,1
1927151N17091,9.686249,20.039999,89.19601,0
1927167N19087,13.756597,22.22353,82.77354,0
1927192N22085,11.41763,22.07778,80.01111,0
1927201N19088,4.2475495,20.849998,87.17777,0
1927204N21088,17.979086,23.825998,78.189995,1
1927208N20089,5.303132,21.388462,88.01539,0
1927223N20086,6.5289993,22.053844,84.18847,0
1927228N21088,13.138868,23.402943,82.81765,0
1927233N17090,10.9113655,19.047619,86.55,0
1927244N21088,1.3071152,20.929998,87.729996,0
1927261N15088,22.935165,17.845238,74.683334,1
1927277N17089,13.089296,21.361765,83.01764,0
1927302N10091,18.658083,13.642858,82.39047,0
1927314N12068,12.446374,15.084616,69.75385,1
1927318N13089,7.75704,16.538462,90.68077,0
1928085N11089,6.7966866,12.142308,86.24616,0
1928157N19089,3.073669,19.561111,90.100006,0
1928167N24088,5.6210375,23.14412,88.24411,0
1928199N19092,12.860308,21.211536,87.03077,0
1928205N19089,12.184619,21.330952,85.442856,0
1928214N21091,1.760109,21.24,90.28001,0
1928237N18089,23.098566,21.899998,80.734856,0
1928244N22087,7.4754386,24.308823,83.3353,0
1928275N15094,16.690474,20.14762,85.185715,0
1928293N10084,4.0718126,11.511111,82.977776,0
1928296N12072,14.193738,17.179409,68.00883,1
1928318N08091,14.402599,14.311904,86.74524,0
1928357N10088,4.5009904,10.677778,86.02223,0
1929003N11091,10.044161,11.014705,87.17941,0
1929132N14087,7.620925,16.383335,88.52777,0
1929153N17091,5.798566,19.666666,91.655556,0
1929170N19086,13.480449,22.07353,81.65588,0
1929192N20088,20.026482,22.746155,77.35769,1
1929196N21089,10.237804,22.814285,85.88572,0
1929204N22090,23.14203,24.350002,78.59286,1
1929208N23090,7.9165573,22.961905,86.45238,0
1929219N21090,5.064274,22.4,88.15294,0
1929235N20088,21.39156,24.407143,78.96666,1
1929240N19089,7.7269435,19.123528,84.95588,0
1929270N12070,15.457236,15.744118,64.76471,1
1929275N12085,13.1220455,17.774,83.23599,0
1929307N08086,3.559588,9.08,84.90001,0
1929330N11084,10.482475,12.726191,84.0119,0
1930125N06083,12.403797,9.349999,80.08824,0
1930132N18089,5.943963,18.59,92.189995,0
1930171N17069,6.7570753,19.373075,67.50769,1
1930178N20064,9.09238,20.666666,66.649994,1
1930179N19089,9.211567,19.907143,86.28333,0
1930196N20092,18.29917,22.989653,85.93793,0
1930198N22088,4.1895394,22.44,86.020004,0
1930249N18091,9.232844,18.76923,87.38846,0
1930294N08086,7.995126,10.003846,82.34999,0
1930298N10075,15.953344,14.992857,72.30476,1
1930312N14091,6.479263,16.605555,92.02778,0
1930320N12087,20.846123,15.691176,84.45589,0
1930332N10084,4.3672156,10.87,82.270004,0
1930354N10092,5.876978,10.75,90.183334,0
1931134N15088,5.790801,16.227776,89.01666,0
1931218N19089,1.5714787,20.09,88.17,0
1931226N20089,0.44141844,20.219997,88.58,0
1931231N21089,2.2543197,20.957691,88.31923,0
1931242N19088,2.3571098,19.194443,87.5889,0
1931265N18088,10.048352,18.430954,84.70238,0
1931284N17088,5.4497633,18.246153,85.95385,0
1931298N18087,4.0410953,18.677776,88.15,0
1931303N10084,9.571679,13.844445,81.05,0
1931343N05081,15.561198,9.657143,74.88572,1
1931356N07083,3.752038,8.933333,81.16111,0
1932141N12074,2.644266,13.127777,73.183334,1
1932144N17086,8.531623,21.205557,88.22778,0
1932145N11075,0.0,10.8,74.6,0
1932159N20090,3.5200074,21.138462,89.611534,0
1932191N19087,12.854647,21.22,84.87,0
1932201N20088,9.607465,21.820587,85.55882,0
1932206N20088,3.70816,20.63,86.57,0
1932244N19296,151.07397,40.68069,-48.69517,3
1932246N19087,18.197796,23.722973,81.35271,0
1932262N19089,15.066673,21.353998,84.98601,0
1932288N11074,15.495931,14.336365,67.13636,1
1932293N14096,19.229963,17.895237,88.09523,0
1932304N11083,17.503908,18.658619,83.799995,0
1932316N10083,14.835365,16.441177,85.99118,0
1932327N08089,10.069088,8.603846,86.29615,0
1933133N09070,13.964652,15.971999,69.68,1
1933142N12088,7.498922,14.953846,90.399994,0
1933165N18086,4.8062634,19.916666,86.64444,0
1933196N23080,10.758379,23.92222,73.238884,1
1933198N23085,6.2445555,23.722221,81.31667,0
1933205N21091,3.1478715,20.98889,89.14444,0
1933211N18088,2.9200087,18.18889,86.344444,0
1933214N19089,18.73115,23.276192,81.7,0
1933220N18091,9.347919,20.166666,86.59445,0
1933233N25084,9.716108,25.977999,80.92,0
1933249N16087,12.798664,18.208,82.74,0
1933255N20087,16.962202,23.587933,78.63275,0
1933260N17093,18.66619,21.921211,85.8697,0
1933286N11092,25.728,17.107574,84.607574,0
1933318N09092,10.630096,10.480769,88.630775,0
1933346N07086,6.5290127,9.626924,82.92308,0
1934023N08086,2.9000015,7.6,84.06999,0
1934109N15091,0.0,14.6,90.7,0
1934162N15072,3.9825928,16.527779,70.78334,1
1934178N18088,2.9668455,19.460001,87.42,0
1934181N21089,9.659638,21.6,85.41176,0
1934212N16086,5.3394523,17.166666,84.91667,0
1934222N22087,8.653275,22.816666,81.87222,0
1934227N18087,14.890542,22.892857,83.05952,0
1934233N21088,15.021392,24.438095,81.72143,0
1934249N17089,3.4994268,18.02,87.12,0
1934260N20089,10.700842,21.19,85.564,0
1934274N21093,3.8642037,22.15,92.066666,0
1934288N23086,2.705484,23.570002,84.65,0
1934304N12071,7.095846,15.964705,71.541176,1
1934309N10092,12.957101,13.726471,89.42059,0
1934329N09088,4.72821,9.650001,85.92,0
1935028N23066,0.0,22.7,66.3,1
1935116N13094,3.4840088,13.755555,95.54444,0
1935168N18072,2.2398357,18.600002,71.82001,1
1935176N19087,0.0,18.5,86.5,0
1935189N21089,9.33533,23.44231,84.39616,0
1935195N15087,6.643849,17.782352,86.694115,0
1935217N21089,0.0,21.4,89.4,0
1935224N24086,7.489994,24.534616,83.573074,0
1935250N20090,10.764851,20.252943,86.450005,0
1935264N21088,0.0,21.3,87.8,0
1935290N10083,22.081158,14.536586,72.2122,1
1935293N14093,7.8135304,15.799999,90.1,0
1935306N14094,2.556454,15.1,93.84,0
1935315N09087,17.172104,9.765999,80.94,0
1935340N11094,2.8381143,12.05,94.92,0
1936113N10090,11.796051,14.217648,90.20587,0
1936144N14084,11.31241,18.919048,87.283325,0
1936163N20089,9.914015,21.028574,85.30476,0
1936177N21088,0.0,20.7,87.5,0
1936180N23077,11.778034,24.408823,71.80294,1
1936184N20088,3.56889,21.249998,87.34,0
1936184N24069,2.3162303,24.277777,67.87778,1
1936197N24069,2.3162303,24.288887,67.888885,1
1936203N18087,11.091536,21.774137,83.837944,0
1936230N19087,1.0414202,19.0,87.08,0
1936239N19089,8.350336,18.679413,85.48529,0
1936249N19089,11.795047,20.58077,84.87692,0
1936273N15086,14.631828,19.239656,86.94138,0
1936273N16095,0.0,15.7,95.4,0
1936299N10088,15.229612,14.290475,82.1381,0
1936308N09075,16.745079,13.667779,71.81778,1
1936309N09088,10.162848,11.269231,84.60384,0
1936337N11091,2.539837,12.07,91.28001,0
1936366N06079,0.0,5.8,78.7,0
1937105N10089,9.796295,12.35,84.9111,0
1937118N14097,8.124365,16.644447,95.2,0
1937165N19070,2.8609066,20.1,69.060005,1
1937171N21090,16.882729,22.193245,88.98243,0
1937183N20088,0.0,20.1,88.3,0
1937192N20087,7.681818,21.91111,82.28889,0
1937203N19089,10.854341,21.585295,85.29118,0
1937214N21089,6.4745092,22.33889,86.38333,0
1937237N25081,1.5772719,24.800001,79.78999,0
1937246N19087,2.3634026,20.32,86.58,0
1937248N21088,10.830503,23.173077,82.48847,0
1937254N18090,15.701537,22.558823,85.126465,0
1937269N17094,12.6384115,20.791178,89.11176,0
1937274N12080,0.0,11.9,80.4,0
1937276N14074,17.430164,17.876925,74.684616,1
1937284N15096,15.924813,19.414705,91.45294,0
1937319N11081,0.0,11.1,81.1,0
1937333N10084,10.246351,13.555555,86.78889,0
1937360N11094,5.135515,12.65,94.98333,0
1938079N08085,3.3591824,7.9199996,83.130005,0
1938145N21089,5.524993,22.51154,88.973076,0
1938149N16070,0.0,16.3,69.7,1
1938191N24088,3.5680332,24.583334,87.03333,0
1938223N22091,3.369977,22.216667,89.772224,0
1938269N14091,26.163559,17.53415,78.11341,1
1938279N18090,14.132194,19.619999,85.722,0
1938309N12073,7.0634427,15.076923,71.707695,1
1938310N08091,15.443595,13.431999,89.502,0
1938325N09089,13.5332,12.309524,84.74048,0
1939007N07088,7.8311534,9.4653845,84.83846,0
1939102N07082,6.30023,9.933333,80.600006,0
1939174N23087,5.0707893,23.605555,85.08889,0
1939189N19087,0.0,18.5,86.6,0
1939195N23088,5.2319264,23.48889,84.994446,0
1939201N21089,2.5045917,21.144445,88.850006,0
1939210N24091,12.622091,23.474138,88.57242,0
1939228N21089,8.797968,22.135294,84.291176,0
1939234N19091,2.8441288,19.45,89.490005,0
1939240N19092,16.722063,22.244118,83.72647,0
1939249N22086,7.4389424,23.383333,81.41111,0
1939255N24085,8.4691925,25.252941,81.52354,0
1939264N23091,14.579658,23.932,87.91801,0
1939273N18093,6.1506586,20.288887,91.05,0
1939290N10073,5.7801604,12.672222,72.049995,1
1939294N15081,3.911483,15.18,79.47,0
1939319N10082,3.3115625,10.58,80.46,0
1939322N12074,1.5365117,12.15,73.7,1
1939337N10095,18.707096,12.990002,88.57799,0
1940139N12083,18.234165,16.050001,82.298,0
1940176N19088,6.0851398,20.22381,85.85714,0
1940182N21089,8.716553,22.699999,85.74999,0
1940190N22088,5.0181785,22.08,85.590004,0
1940215N22089,8.80895,23.746153,85.434616,0
1940226N20080,0.0,20.1,80.1,0
1940233N19087,13.3911,21.7,82.94,0
1940239N22090,8.448813,23.185293,86.60294,0
1940259N17087,23.781647,19.718966,79.12586,1
1940262N14096,8.425271,15.853846,93.94615,0
1940284N13072,10.21095,15.560344,71.02758,1
1940294N18087,6.9641337,20.55,88.07778,0
1940308N10074,18.698034,11.333334,64.55455,1
1940317N11079,7.507099,10.617647,74.40294,1
1940320N13085,7.097533,15.8970585,86.988235,0
1940355N11092,7.0927415,14.527778,92.72223,0
1941142N13095,11.377485,17.364704,92.502945,0
1941145N11071,1.1000061,10.699999,71.8,1
1941152N17084,0.6828407,17.26,83.96,0
1941155N20088,3.939785,21.14,90.3,0
1941166N22090,3.1233337,23.455555,90.361115,0
1941179N21090,14.764179,22.126001,83.29399,0
1941187N22088,15.71833,21.672003,86.336,0
1941209N21092,2.8047276,21.91,91.03999,0
1941220N21089,16.332891,23.338095,79.75,0
1941227N19092,17.312046,22.707144,85.74047,0
1941237N23089,4.462512,24.461111,87.91111,0
1941243N25086,4.3697433,25.55,83.7,0
1941250N20089,20.042994,24.659523,80.72142,0
1941255N15084,1.7200028,15.7,83.45,0
1941276N15071,5.4180064,17.205557,69.933334,1
1941277N07088,23.151041,17.846968,84.13788,0
1941319N14083,3.3713613,14.517647,83.47647,0
1941334N08087,23.437754,10.832,77.508,1
1941343N09092,24.097603,11.978001,83.908,0
1942114N10080,0.0,9.8,79.8,0
1942118N15072,0.0,14.8,71.7,1
1942154N16091,2.3213243,16.92,90.33,0
1942183N21090,10.345642,22.715385,83.38846,0
1942189N21090,12.454618,22.390476,85.01666,0
1942205N21089,9.854686,22.757692,85.81923,0
1942213N22090,21.554138,22.34762,80.569046,0
1942241N18090,22.14407,24.642683,79.64755,1
1942252N21092,12.075524,20.841175,86.97647,0
1942262N23089,5.718443,24.326923,88.823074,0
1942269N17087,9.036275,20.946156,85.184616,0
1942287N17090,8.659093,20.632353,88.29412,0
1942304N11085,14.07294,15.414707,85.3647,0
1942317N14095,11.202011,15.911539,89.80385,0
1943133N11082,16.423857,12.541464,78.17927,1
1943151N20089,5.4921,22.400002,88.55556,0
1943192N21087,7.3995113,22.83889,82.450005,0
1943198N21089,9.477781,22.71923,86.18077,0
1943205N20090,17.880726,23.076,81.81999,0
1943212N20090,5.2065,21.616667,87.85,0
1943216N22089,9.586142,24.058823,85.07941,0
1943233N23085,5.455798,23.900002,82.48334,0
1943265N19089,17.237999,23.372,85.97399,0
1943278N13084,18.547367,14.086364,78.08636,1
1943289N15081,14.81377,18.046154,78.32692,0
1943302N14087,4.5597486,16.711111,85.42778,0
1943320N16070,0.0,15.9,70.1,1
1943324N08086,6.030657,9.122223,84.64445,0
1944060N04085,12.337426,9.223809,82.830956,0
1944141N15092,2.4023426,15.95,92.34,0
1944166N17070,10.888547,21.0,71.907684,1
1944167N22091,3.8843615,23.43,91.74,0
1944191N19087,11.099936,21.300001,83.23103,0
1944201N22087,5.9104314,24.33889,84.3,0
1944205N21091,22.227005,21.764706,84.541176,0
1944210N20090,24.710459,22.244001,81.972,0
1944224N25078,6.4279947,26.2,75.850006,0
1944227N23084,18.508875,21.16905,76.54762,1
1944231N19089,15.566927,21.707142,81.84999,0
1944237N21091,13.887182,25.24091,83.61818,0
1944273N19089,11.1914625,21.211538,84.62308,0
1944277N21089,8.433447,23.255556,84.48334,0
1944288N13085,4.7831473,14.899999,83.227776,0
1944299N12084,18.433563,15.932353,77.30882,1
1944311N13090,5.5145855,15.161111,90.86666,0
1944333N11086,4.75414,11.409999,84.18001,0
1944366N10087,5.547281,12.944446,87.39444,0
1945120N12093,8.23018,14.029999,90.535,0
1945177N23085,11.370242,23.930555,80.09722,0
1945188N20089,3.272351,20.664999,88.045,0
1945202N17088,3.3693888,18.716665,87.96667,0
1945243N16085,1.3414168,15.616668,83.975,0
1945249N18090,17.836796,22.64423,83.22115,0
1945261N18089,22.370983,21.375,79.89167,1
1945272N18089,8.899398,19.650003,86.1,0
1945288N07092,21.712982,13.799999,84.65001,0
1945310N07086,5.0202246,8.021428,84.721436,0
1945315N06076,12.472212,7.488889,72.65,1
1945332N05089,0.0,5.0,89.3,0
1945332N05090,0.3414248,5.1666665,89.63333,0
1945338N08087,4.967495,8.789999,84.17,0
1945346N09088,7.6849875,11.24,85.060005,0
1946153N11071,14.417502,15.991667,66.06944,1
1946183N20091,7.7537937,20.765,88.43999,0
1946195N23088,2.7571044,23.608332,87.15833,0
1946201N17087,6.152683,19.327776,86.975006,0
1946213N20089,17.931906,23.016216,82.75676,0
1946217N20090,15.097282,23.019444,83.26667,0
1946229N20091,6.023692,20.12,88.149994,0
1946249N20090,15.506007,20.844444,83.07223,0
1946253N23089,14.013475,23.861113,81.45278,0
1946257N20089,7.663504,22.616667,87.90833,0
1946276N16092,9.897886,20.064285,89.314285,0
1946289N12085,5.52729,13.780001,83.78,0
1946305N09088,24.444098,13.890909,75.99319,1
1946310N08089,22.871288,12.986364,79.71591,1
1946319N09086,34.23119,16.159615,78.17885,1
1946337N11081,0.0,11.2,81.3,0
1946337N11082,0.30000305,11.2,81.666664,0
1946340N11086,14.951891,13.341666,84.40278,0
1947056N06089,8.134441,7.8138895,86.40834,0
1947103N10075,14.832669,15.524998,71.325005,1
1947108N13096,2.9849389,13.641666,95.63333,0
1947161N21090,0.10000038,21.166668,90.0,0
1947175N19090,11.574517,20.64318,87.04546,0
1947191N19091,5.958132,18.79,88.15499,0
1947196N20090,6.034047,20.835001,87.65499,0
1947223N16119,34.54841,18.613207,104.299995,2
1947233N17087,22.930124,20.961666,82.95,0
1947239N19089,7.617534,20.32,86.83,0
1947245N22089,14.398937,24.475004,82.838455,0
1947266N18072,9.935501,22.17143,72.942856,1
1947268N17088,13.927202,18.244446,82.344444,0
1947288N21090,0.44721103,20.966667,89.93334,0
1947294N09092,8.877342,11.629999,90.795,0
1947302N14087,0.24141903,14.066667,86.9,0
1947305N12097,15.782926,15.397726,91.10228,0
1947345N08092,13.701634,11.616666,86.35,0
1947354N09086,8.358597,12.995001,83.875,0
1948014N11087,3.199997,10.900001,85.81667,0
1948094N13093,3.7112563,13.815,94.975006,0
1948137N15093,8.010703,17.900002,93.46001,0
1948157N17063,11.372507,21.849998,63.308334,1
1948164N16072,2.8354547,16.633333,72.291664,1
1948176N20089,5.8644476,22.521427,87.2,0
1948188N20088,6.643234,20.654999,86.755005,0
1948209N20090,11.674566,22.054998,87.15,0
1948225N18087,9.003348,19.96389,85.736115,0
1948236N21089,1.4071078,21.1,88.19167,0
1948263N17086,26.58988,19.828999,72.583,1
1948271N17088,2.0073338,17.691666,87.68333,0
1948275N11114,16.145527,12.862162,107.72162,0
1948276N20090,4.2041755,21.491669,89.35833,0
1948278N22068,1.1467909,22.266668,68.03333,1
1948278N23069,0.0,22.6,69.2,1
1948280N16095,5.7342744,17.940002,92.990005,0
1948294N08072,26.438847,13.057693,63.465385,1
1948303N09091,15.192521,12.984091,86.543175,0
1948323N10071,18.502151,17.020454,69.58863,1
1949112N11089,6.458771,13.174999,91.00834,0
1949141N11084,3.8941178,11.941667,82.94167,0
1949149N20091,1.3988341,20.166666,91.833336,0
1949149N21093,0.0,20.7,93.1,0
1949150N17070,2.0487456,18.04167,69.39166,1
1949159N20088,5.4265985,21.307692,86.44808,0
1949194N19086,5.4221525,20.2,86.45,0
1949213N20088,9.792707,22.118752,83.99375,0
1949250N18087,1.8021932,19.008335,86.38333,0
1949256N20088,15.972262,23.017307,81.2173,0
1949262N16092,15.445435,16.491667,83.62501,0
1949281N18089,4.743132,18.491667,86.958336,0
1949294N10095,23.942867,13.91579,87.38552,0
1950098N05083,12.126353,10.127777,85.67778,0
1950143N08093,11.908392,11.361111,90.01944,0
1950160N19091,8.175919,21.617857,87.76429,0
1950174N20089,6.7253656,22.917858,86.83214,0
1950192N20088,3.315675,20.633333,86.950005,0
1950192N25079,9.789406,25.525003,73.88215,1
1950206N21089,13.604146,22.594444,83.869446,0
1950215N25087,11.096448,22.928574,84.82142,0
1950221N21089,8.830207,23.756819,86.51137,0
1950244N26079,1.2236042,25.608335,77.825,0
1950252N15085,3.3335571,16.355001,83.5,0
1950255N21090,22.065193,23.1,80.87332,0
1950265N19088,2.153877,19.158333,87.36667,0
1950290N12082,15.3785305,17.195456,85.38864,0
1950320N11084,15.622668,16.7,86.28215,0
1950336N07086,11.003873,11.700001,87.5625,0
1951105N08069,14.307135,10.675001,64.45,1
1951155N18088,2.489024,17.799997,87.299995,0
1951162N18068,3.0878272,19.6,67.675,1
1951177N20088,0.36503163,20.1,87.76667,0
1951202N12104,21.411299,17.457577,94.49696,0
1951202N18086,0.24142666,18.366667,85.80001,0
1951205N17089,20.243532,21.700003,81.90277,0
1951211N20087,2.0837145,20.458334,86.84167,0
1951216N20087,0.0,20.3,87.4,0
1951216N20088,0.24141903,20.166668,87.6,0
1951228N20090,4.561846,21.241667,88.525,0
1951243N20089,1.1487776,20.866667,88.166664,0
1951243N22087,0.0,21.8,87.4,0
1951246N14120,47.909187,20.053488,100.017456,2
1951272N20274,176.26688,42.47596,-53.229805,3
1951284N19087,0.24141768,18.766666,87.1,0
1951316N08063,14.746151,15.098077,65.371155,1
1951328N11085,5.9005003,13.583333,84.399994,0
1951340N08090,13.653928,14.499999,88.52833,0
1952137N10093,3.2510993,11.775001,92.174995,0
1952141N12084,5.713068,14.064286,81.79643,0
1952176N21090,6.9440985,22.199999,87.392845,0
1952186N21089,12.901083,23.699999,83.03214,0
1952202N21089,4.4247136,21.085,87.28501,0
1952209N22087,9.888834,23.538889,81.67222,0
1952213N21091,13.303146,21.930555,86.41667,0
1952226N21089,4.483507,21.591667,87.05833,0
1952233N19089,4.075651,20.125,87.466675,0
1952280N14084,2.7210898,15.133334,84.16667,0
1952289N14085,4.0738087,14.5,83.53333,0
1952289N15128,38.667255,13.733803,110.78169,2
1952293N15093,6.6745243,17.075,91.60358,0
1952313N13089,10.449172,18.894445,90.05555,0
1952331N07092,12.52179,8.433334,87.363884,0
1952337N11073,11.155772,11.190001,67.635,1
1952342N09081,1.2806256,9.766666,80.166664,0
1952342N11079,0.0,10.7,79.2,0
1953028N08097,8.555814,11.345,95.81,0
1953120N13091,3.8849986,14.5375,92.3,0
1953167N17087,6.315632,18.563887,86.005554,0
1953213N20090,11.811599,21.722223,84.74444,0
1953222N20090,1.8999939,20.199999,89.21667,0
1953235N22088,0.0,22.0,88.2,0
1953235N22089,0.24141903,21.966667,88.4,0
1953266N16092,14.755303,19.422728,88.07728,0
1953294N11084,4.9050317,12.341666,82.191666,0
1953308N11092,10.261384,14.302273,88.19318,0
1953327N10091,11.039835,10.3714285,85.017845,0
1954114N11073,0.34142065,11.566667,73.36667,1
1954114N12073,0.0,11.9,73.2,1
1954160N19070,2.295082,20.358332,69.55834,1
1954186N19088,0.3414229,19.466667,88.166664,0
1954186N20088,0.0,19.6,87.9,0
1954188N21072,4.441801,22.091667,70.416664,1
1954211N18087,0.29999924,18.266668,86.5,0
1954211N19087,0.0,18.5,86.5,0
1954219N18086,3.4594514,19.77,86.64,0
1954231N10159,61.843132,15.191429,135.60286,2
1954245N18088,12.743467,19.882143,83.65715,0
1954264N20088,0.0,20.1,87.9,0
1954264N20089,0.42360884,19.966667,88.299995,0
1954266N22080,10.86906,25.305,75.96999,1
1954269N14088,21.569141,19.881819,79.61817,1
1954293N09088,10.687331,10.775,82.94499,0
1954298N18085,5.0419316,19.525,87.174995,0
1954344N10082,3.8999996,11.944999,82.40001,0
1954350N05086,4.369692,6.2916665,84.83333,0
1955125N11084,5.8795943,13.594999,83.165,0
1955137N10085,5.053759,11.025001,81.96667,0
1955175N17087,1.6950879,18.108334,86.450005,0
1955178N20089,3.624852,20.675,87.825005,0
1955237N18087,4.860534,18.782145,85.47857,0
1955245N21090,13.408457,22.663887,84.17777,0
1955264N19087,10.004709,20.350002,83.55,0
1955273N18090,15.091011,21.860716,82.43571,0
1955279N13091,23.599377,17.32,87.409996,0
1955289N12085,5.350378,13.441667,82.65,0
1955295N16086,2.9685335,17.058334,86.56666,0
1955308N09092,12.978373,13.017858,86.52499,0
1955333N09084,5.345067,9.75,81.825,0
1956040N07092,8.552504,9.7,91.52,0
1956118N08091,24.387548,13.072727,80.929535,1
1956150N22090,5.9379215,22.236362,88.45226,0
1956161N21088,0.34142512,21.366667,87.76667,0
1956161N22088,0.0,21.5,87.5,0
1956177N17086,7.669239,18.53333,83.274994,0
1956178N20070,3.358411,20.925001,69.05834,1
1956183N19088,6.001086,20.214285,86.203575,0
1956214N19088,18.828098,21.997728,82.604546,0
1956220N21088,10.860497,23.678572,83.45714,0
1956227N18088,7.9501443,21.250002,88.39318,0
1956253N21090,7.863736,22.707142,86.91071,0
1956282N18071,11.04897,20.9,72.060715,1
1956300N06091,15.226886,10.472972,86.35136,0
1956324N09085,5.4491653,9.55,82.40833,0
1957147N14073,5.2888117,16.408333,71.808334,1
1957231N20091,22.97818,21.848076,82.64232,0
1957253N15087,11.229223,19.067856,82.26786,0
1957266N19090,3.8879228,19.804998,89.06999,0
1957294N11070,6.901444,13.022222,71.19167,1
1957313N11068,8.859123,14.310715,68.30357,1
1957359N07083,1.8193488,7.5916667,82.35833,0
1958127N13083,2.2494085,13.391666,83.316666,0
1958136N16088,9.918537,19.9875,89.43333,0
1958190N20088,11.201816,21.96,84.905,0
1958197N21088,1.9251393,21.758333,87.14167,0
1958241N19088,17.599264,21.743181,80.80455,0
1958251N20090,20.690561,22.913637,79.347725,1
1958256N21090,4.9867067,22.0,88.159996,0
1958279N10086,26.275513,17.5,70.81905,1
1958290N13082,2.7828383,14.407144,82.421425,0
1958291N11103,10.850152,11.9827585,99.68967,0
1958295N19090,6.331688,20.619999,90.19,0
1958310N16085,5.7998896,16.960714,87.40715,0
1958322N08093,36.439102,13.813044,75.30652,1
1959139N09071,19.474865,13.634091,64.395454,1
1959174N10085,5.993273,12.291667,83.941666,0
1959176N18071,11.280195,21.497223,67.958336,1
1959179N18089,24.029608,21.615908,78.64318,1
1959185N19089,7.347294,20.041666,85.791664,0
1959191N21090,30.936274,23.229414,74.111755,1
1959198N16088,4.323607,18.675001,87.59,0
1959215N24089,9.742358,23.77857,84.50714,0
1959237N18086,5.014218,19.38,85.03999,0
1959253N21086,11.749855,21.477272,82.40909,0
1959270N17092,11.771414,19.975,88.354546,0
1959284N20072,14.572364,20.081669,69.02833,1
1959300N09083,19.38728,15.228572,85.10357,0
1959332N10081,23.258802,9.277941,67.84706,1
1959339N09091,11.19509,12.985001,86.88,0
1960132N09070,16.468002,13.245001,63.631664,1
1960148N20089,5.3077717,22.12,88.565,0
1960182N20089,7.896376,20.428572,87.00715,0
1960185N21070,1.812897,20.883333,69.25833,1
1960222N21089,6.352189,21.875,86.64166,0
1960226N19090,16.665768,23.088335,83.67667,0
1960237N20090,16.246475,24.758333,83.18888,0
1960270N21087,6.1105766,23.875,84.24167,0
1960273N13117,35.258278,15.31,101.43301,2
1960302N08090,14.415999,12.842857,87.775,0
1960312N11069,6.4521165,12.6285715,66.807144,1
1960315N10081,0.0,10.0,81.3,0
1960315N10082,0.30000305,10.0,81.666664,0
1960321N11067,16.474075,12.461667,61.049995,1
1960324N11084,2.9489527,12.066667,82.666664,0
1960331N10088,4.117719,11.021153,86.87115,0
1960332N08105,20.275446,8.626086,97.18696,0
1961009N10082,6.0929537,8.9875,79.600006,0
1961048N05086,6.956187,7.719445,86.600006,0
1961125N11096,15.109247,15.515384,92.605125,0
1961143N14073,5.604823,15.140001,73.405,1
1961147N15095,12.554565,18.95,92.52812,0
1961159N21090,12.608391,23.384615,86.19807,0
1961172N19072,14.750374,23.34808,70.55577,1
1961178N17093,6.9801908,18.900002,91.15883,0
1961182N22088,2.690103,21.67647,87.09412,0
1961183N22070,6.153959,21.9875,71.22812,1
1961200N24069,1.1640985,24.137499,68.95,1
1961248N22089,33.931408,23.742392,75.15652,1
1961249N14342,131.10745,33.567593,-26.762964,3
1961254N19094,18.03755,21.717308,85.19615,0
1961265N21090,4.0718293,21.383333,88.025,0
1961270N20090,12.940186,22.556252,86.4,0
1961282N20079,9.652489,21.874998,77.74444,0
1961291N12120,29.600542,15.375758,105.678795,2
1961297N20092,3.1462328,21.675001,91.475,0
1962134N10082,23.715668,13.216666,74.912506,1
1962144N17092,4.5201993,18.59375,92.25625,0
1962148N17065,6.4843726,17.789999,61.1,1
1962157N19088,4.5775557,20.929998,88.205,0
1962189N22069,5.6891794,22.452633,68.703514,1
1962192N17087,10.1469965,19.395,83.62,0
1962251N17086,23.42218,21.012499,72.71964,1
1962254N11123,32.724354,14.904762,110.3619,2
1962259N17086,18.300156,21.760416,80.81042,0
1962262N19092,13.572868,23.51346,86.221146,0
1962292N11119,27.276587,8.566666,108.403175,2
1962295N08085,10.16724,12.625,84.125,0
1962299N10094,24.909922,15.58,89.259995,0
1962327N05144,45.77955,8.700001,123.06376,2
1962329N07104,26.287857,10.131578,90.67368,0
1962343N10090,6.361055,10.990625,90.975006,0
1963003N05085,0.099998474,5.399999,85.00358,0
1963138N08068,17.470015,12.377778,64.54583,1
1963144N09090,16.03298,15.109092,90.45228,0
1963157N20088,6.0446825,22.380001,88.97499,0
1963174N14096,13.825008,16.365623,92.10313,0
1963185N22089,7.937636,22.679167,86.21667,0
1963221N20089,17.731821,24.896152,81.25,0
1963251N16097,26.433563,21.47206,86.5,0
1963264N17120,42.026478,18.073528,97.641174,2
1963274N15115,24.612831,14.928301,109.01132,2
1963277N15096,13.653312,19.609375,91.943756,0
1963286N16071,8.894183,19.51389,68.67501,1
1963291N09092,36.429676,15.351252,83.69499,1
1963297N10092,7.0949755,12.75625,91.95625,0
1963329N19065,3.4043913,20.037498,66.0875,1
1963334N05090,12.404765,7.5458336,84.208336,0
1963334N09073,20.048061,11.58125,64.67813,1
1964127N12086,14.25579,14.839287,89.93928,0
1964161N17071,12.477286,21.2225,69.925,1
1964185N21090,14.089376,23.122221,84.87778,0
1964218N19088,2.829133,19.475,87.04375,0
1964220N19071,1.4520789,19.25,71.4625,1
1964222N20090,13.880926,21.193748,85.350006,0
1964228N21088,4.9284244,21.916666,86.31667,0
1964236N22088,9.695713,23.34375,84.109375,0
1964240N15111,16.672678,16.004763,105.74762,0
1964256N17141,48.733654,18.83619,115.07334,2
1964267N21089,16.590376,23.925001,83.05357,0
1964269N12142,52.20162,15.473135,121.10148,2
1964271N17086,7.9502864,17.105,82.15001,0
1964278N21091,6.5255446,22.909374,89.76875,0
1964286N10112,29.266378,11.18,101.86667,2
1964291N11143,57.12912,14.6630125,118.98494,2
1964291N16091,13.34146,19.694445,85.25833,0
1964307N09072,15.937341,10.842857,64.94643,1
1964308N08096,17.7071,11.82,87.11,0
1964316N13117,33.561253,11.087999,108.232,2
1964321N14086,25.184345,12.499001,84.91301,0
1964352N05093,19.961594,6.485965,87.26842,0
1965129N14085,12.172648,17.925,87.395836,0
1965146N15089,9.962649,17.512245,89.89183,0
1965187N08144,52.076588,15.208235,126.26118,2
1965194N19087,12.955215,19.570833,83.65833,0
1965207N21090,4.9769444,21.616667,87.825005,0
1965212N26077,1.9714566,26.8,78.28001,0
1965226N17116,26.742659,18.125456,107.403625,2
1965235N20087,7.680974,22.047058,85.68823,0
1965238N14114,25.874601,15.932434,100.94595,2
1965239N17111,12.788604,16.304762,105.53334,0
1965243N19091,19.32676,21.954998,82.4425,0
1965258N12107,7.249005,11.804762,104.47142,0
1965262N15084,17.290123,18.959091,81.47273,0
1965280N18091,5.3081813,19.5625,91.256256,0
1965294N13083,13.329321,15.588889,86.44444,0
1965302N10102,7.359849,11.304762,99.27619,0
1965310N12086,8.454754,12.196875,82.12813,0
1965339N06071,13.514975,12.025001,72.61428,1
1965340N05092,22.601183,12.755262,88.71183,0
1965352N09111,20.274164,7.810256,100.57692,0
1965364N08088,19.007778,13.019512,83.92194,0
1966118N08088,21.332169,13.111321,79.675476,1
1966137N14096,4.7535586,14.758332,95.14167,0
1966153N15088,5.6631756,16.466667,85.85834,0
1966167N21090,6.2533817,22.519999,90.225,0
1966179N21088,3.0389037,23.077778,88.17778,0
1966198N20088,2.4003923,20.074999,87.333336,0
1966209N21088,9.423765,22.239286,85.121414,0
1966233N13340,213.41266,42.422516,-22.535604,3
1966245N20088,21.331083,22.417309,80.159615,0
1966270N09090,21.028809,16.278378,88.41352,0
1966272N13072,10.181241,13.664152,72.0151,1
1966284N12086,5.3565407,13.094118,84.84705,0
1966295N12071,13.643172,12.679166,64.583336,1
1966305N09096,43.639713,11.970455,72.80795,1
1966312N08084,21.89211,12.75,77.04821,1
1966322N09087,11.033491,14.158333,85.238884,0
1966329N10096,22.92343,11.963637,84.14318,0
1966341N08088,18.563145,14.195834,87.29791,0
1966350N08090,8.714657,9.19375,86.80313,0
1966364N08088,19.193264,13.0725,83.8125,0
1967001N06083,13.968794,11.714815,85.274086,0
1967135N11092,12.0344925,15.121875,92.35625,0
1967180N20088,0.48283994,19.9,87.520004,0
1967207N20088,17.534363,21.934376,81.64687,0
1967212N19090,7.5696573,19.908333,87.416664,0
1967230N21090,1.9478722,21.183332,89.43333,0
1967245N21090,17.76528,24.13636,82.07272,0
1967263N25086,1.4000015,25.7875,85.5,0
1967270N20089,5.960105,21.812,89.384,0
1967281N18089,9.591778,20.346426,88.1,0
1967293N07079,2.5818806,7.25,79.18125,0
1967293N09090,13.92158,13.284375,89.81875,0
1967304N10085,7.0572066,10.985,82.62,0
1967331N06085,7.5236745,5.839286,81.207146,0
1967338N05088,14.407862,8.342501,82.06,0
1968128N14096,10.261146,17.11875,93.828125,0
1968164N21090,3.147213,22.629166,89.54584,0
1968191N23088,4.078807,24.1625,89.100006,0
1968208N18089,18.200068,21.964285,82.74642,0
1968216N22090,23.623602,22.804169,77.60208,1
1968224N22091,9.132683,22.732141,86.46429,0
1968235N19090,6.1267786,20.975,88.8,0
1968254N19091,7.9891486,19.632143,87.73214,0
1968273N14089,14.357614,18.40625,85.80416,0
1968295N11089,14.76045,14.021667,84.69834,0
1968307N11087,7.7972474,11.749999,84.75,0
1968314N08089,17.83271,16.067308,86.151924,0
1968347N05091,15.210148,9.010417,85.98541,0
1969134N15087,9.782673,15.841667,82.68958,0
1969156N19068,4.445513,20.0,70.1,1
1969167N15088,10.398394,18.384375,88.765625,0
1969209N19090,10.601537,21.382502,86.167496,0
1969220N21090,1.9436189,21.775,89.375,0
1969225N21090,13.281515,22.99643,84.48571,0
1969241N10127,29.508877,14.868086,112.97449,2
1969249N17087,19.19782,21.856247,79.402084,0
1969261N17088,12.163165,20.13611,82.55833,0
1969266N21093,7.5042334,22.928572,90.39643,0
1969282N18087,6.0967927,20.265,87.82001,0
1969294N11083,4.3751297,12.008334,80.96667,0
1969308N12095,21.308073,15.165908,85.44772,0
1969345N11081,5.2603536,13.039999,81.145004,0
1969355N04091,11.15783,5.6124997,85.57499,0
1970122N10089,12.384853,16.7725,89.7525,0
1970143N19091,2.0741165,19.825,91.325,0
1970148N14072,17.032957,18.14318,67.02955,1
1970158N21090,11.257995,21.538889,86.808334,0
1970180N20088,10.267141,22.2,84.151505,0
1970187N18091,7.4716663,20.13,88.62501,0
1970229N18086,8.185015,19.505,82.58,0
1970245N22087,30.080076,23.411953,73.07391,1
1970251N20091,18.886522,24.5825,84.228745,0
1970264N17085,10.223956,19.243752,80.393745,0
1970284N14072,13.487724,15.755,65.74999,1
1970291N14085,13.02735,17.476925,87.02693,0
1970312N12086,13.35598,16.147728,87.45909,0
1970323N09085,6.2507086,9.6,81.6125,0
1970324N05143,45.716587,7.2835445,118.46078,2
1970326N10071,18.464636,9.405356,65.34107,1
1971124N10093,13.70825,14.232431,91.01891,0
1971153N19062,8.176868,21.603998,65.772,1
1971154N20088,8.363112,22.12683,86.70488,0
1971171N20089,10.833284,21.293104,85.317245,0
1971189N12130,36.29829,16.107271,113.94182,2
1971196N20089,12.6299305,24.35965,83.7193,0
1971207N22089,13.426927,23.851723,82.320694,0
1971220N21088,4.654584,22.27647,86.67647,0
1971242N23082,5.3359094,24.785715,80.09523,0
1971267N12130,33.752068,16.97377,117.2541,2
1971267N15084,3.4985006,15.722222,82.65555,0
1971271N19089,5.7712235,22.08276,88.110344,0
1971287N16089,15.840157,19.824139,82.9276,0
1971300N11071,21.528782,12.1707325,61.553658,1
1971300N12091,16.109568,18.885714,88.62449,0
1971308N11092,18.156776,16.896,90.624,0
1971348N07073,24.997389,13.231579,63.19649,1
1972098N09091,9.342135,12.909092,90.64546,0
1972177N22068,7.1865587,22.3,64.31765,1
1972183N22067,6.8055377,21.977776,63.300003,1
1972187N22088,5.5447707,21.915384,84.53077,0
1972195N21091,5.8601346,21.435293,88.62353,0
1972218N22089,18.371723,25.762297,80.87049,0
1972225N22090,18.046213,23.389229,80.36461,0
1972241N24086,7.6464095,24.236,81.152,0
1972244N12123,25.450409,14.759016,109.75573,2
1972251N15097,24.988943,20.493443,84.701645,0
1972264N17092,15.952441,20.484444,85.25555,0
1972277N12087,9.404688,13.908001,82.732,0
1972294N06061,15.2772255,11.322448,57.05918,1
1972318N09067,16.490192,12.369231,63.97385,1
1972320N10091,16.039196,12.3707695,86.61999,0
1972331N14091,6.004877,16.26207,91.5793,0
1972335N08116,24.475822,9.366666,102.20757,2
1972336N10089,14.553458,11.177193,82.36316,0
1972355N08084,1.3645073,7.9,82.96,0
1973146N12061,10.955535,12.366666,55.861908,1
1973158N16068,12.251993,20.618368,64.52653,1
1973187N19087,7.966173,21.084002,83.616,0
1973188N21071,2.3184159,21.492308,69.73846,1
1973193N20089,8.571352,21.385715,85.395226,0
1973200N21088,11.345992,22.965517,83.89656,0
1973226N27076,7.7570677,26.794592,72.05946,1
1973238N21088,15.917634,23.666664,81.01778,0
1973245N22088,8.349028,23.016,84.424,0
1973280N12090,15.240796,16.208164,87.63674,0
1973298N15070,3.967221,16.666666,70.57143,1
1973308N07091,15.549092,13.251111,88.248886,0
1973317N08122,24.479614,9.644444,109.0,2
1973319N13090,11.789357,16.531034,89.058624,0
1973339N07088,18.525444,13.051352,86.82433,0
1973348N07088,9.301527,8.488235,83.05882,0
1973360N04090,7.2456255,5.635294,85.94706,0
1974105N12062,9.582465,15.628571,62.36667,1
1974137N11069,19.333221,14.178047,59.963413,1
1974150N22089,3.5533562,22.514286,89.26666,0
1974167N18086,6.9174604,20.509525,84.452385,0
1974220N19087,2.6930127,20.092308,86.94616,0
1974225N22089,14.044445,22.445614,83.671936,0
1974263N16071,10.297672,19.109756,67.69268,1
1974269N16092,13.678997,19.39697,87.2909,0
1974280N17085,3.275571,17.53077,83.75384,0
1974287N17086,5.2445307,16.988888,83.37778,0
1974297N14070,1.6000004,15.0,69.9,1
1974327N11088,19.072582,14.697777,86.835556,0
1975007N08092,9.054679,11.084848,93.60909,0
1975121N09072,18.274643,13.675295,67.93647,1
1975125N13096,11.780104,15.387878,94.71818,0
1975150N09073,12.193553,14.847618,71.76666,1
1975155N16087,10.333719,19.144825,90.48965,0
1975169N19087,3.0693536,20.599998,86.08461,0
1975175N21072,6.360895,22.352942,68.44706,1
1975177N19087,5.9832935,20.527588,85.5069,0
1975199N24086,14.752887,26.92195,79.100006,0
1975217N19088,7.4934573,20.894117,86.14706,0
1975229N20089,11.758939,24.340984,84.21803,0
1975252N19086,14.045093,22.90909,80.66061,0
1975258N12132,35.59639,16.403772,117.85284,2
1975267N23088,7.243609,23.910343,85.35862,0
1975275N21067,3.6150908,22.193102,68.206894,1
1975290N15083,3.859277,15.146153,81.45385,0
1975292N16073,15.911745,20.880001,71.04444,1
1975299N11085,5.4884095,11.7846155,83.2154,0
1975305N15085,4.550445,15.190476,82.67619,0
1975311N11089,18.711138,16.67317,87.13415,0
1975328N09085,16.93689,13.312307,84.7477,0
1976120N12093,8.22827,15.79394,93.66969,0
1976150N12070,13.40714,17.873772,71.56886,1
1976210N23089,19.6396,26.013512,79.64595,0
1976214N19088,10.189224,22.056002,82.895996,0
1976225N20089,17.605984,25.733334,80.66843,0
1976240N21083,36.487244,22.677143,68.41334,1
1976252N17093,19.382011,22.892784,86.51032,0
1976286N11071,19.128717,12.222807,59.971928,1
1976289N09086,23.75356,16.013208,85.16227,0
1976308N13088,19.32137,16.957575,78.88787,1
1976318N12066,7.2031198,12.979311,61.689655,1
1976320N11087,11.838496,13.47143,81.84762,0
1976328N08090,27.080837,14.367213,84.9295,0
1976363N08089,11.955114,10.671698,91.50377,0
1977129N08084,19.507374,15.940542,87.11623,0
1977160N16071,13.057454,19.054544,65.418175,1
1977194N06142,48.378437,13.851948,121.511696,2
1977243N14129,35.063316,16.815685,115.37255,2
1977292N11063,13.360774,11.534483,55.631035,1
1977300N13092,36.03051,14.972464,77.90871,1
1977313N09092,45.477203,11.774336,74.15664,1
1977318N06093,19.975769,10.9320755,84.41134,0
1978134N11091,9.494492,15.427586,92.0,0
1978217N16129,34.082798,18.59178,116.382195,2
1978262N14135,41.58911,15.644157,116.53247,2
1978298N13090,12.718941,16.331999,88.38,0
1978307N10082,35.131577,16.807407,69.82222,1
1978323N08092,27.625317,10.424691,79.450615,1
1979126N07090,18.680197,10.183077,84.715385,0
1979167N13071,14.87899,17.018183,65.34545,1
1979205N10148,76.08005,18.722628,114.889786,2
1979259N11078,25.164133,15.723287,68.78904,1
1979264N10087,7.4818497,13.676471,84.4,0
1979300N06095,18.717953,11.108888,88.51778,0
1979317N10072,12.340221,14.683784,70.064865,1
1979327N08088,10.1325245,11.257143,83.700005,0
1980284N09092,33.370483,9.420254,86.13672,0
1980290N10088,10.105165,14.447999,82.952,0
1980317N11075,16.219067,14.695948,69.92297,1
1980338N09085,9.410463,12.864865,84.062164,0
1980345N09092,33.57899,9.298989,86.12928,0
1981283N07132,36.024536,11.5509815,116.49804,2
1981298N07083,28.734138,13.501234,72.19136,1
1981321N13092,10.4512415,16.433332,90.807686,0
1981339N11089,18.204231,14.720339,86.9661,0
1982120N11083,20.036268,16.076786,87.62858,0
1982150N13087,18.801367,17.752457,87.84098,0
1982168N23090,2.8284273,23.88889,90.888885,0
1982196N20069,2.936196,21.38889,67.888885,1
1982199N18088,3.491435,18.675,86.181244,0
1982214N23090,4.055335,24.529411,90.05882,0
1982224N20089,1.6334205,20.333334,87.71667,0
1982230N21088,2.3723555,21.700003,87.0,0
1982237N26080,0.0,26.0,80.0,0
1982239N19089,14.397634,22.694231,84.526924,0
1982252N18089,4.5642986,19.055555,86.94444,0
1982272N22092,0.70710677,22.25,91.75,0
1982274N13071,2.2514539,14.055555,69.888885,1
1982287N13091,11.51723,15.284849,85.954544,0
1982290N09084,15.5061245,14.336957,80.58696,0
1982309N12066,18.886055,16.235294,67.72941,1
1982332N07088,4.7908487,7.7222223,85.388885,0
1982333N09067,2.7686596,10.214286,67.35714,1
1982337N08084,5.948235,8.953846,81.223076,0
1983171N20071,3.8850508,21.89,70.64,1
1983175N18087,11.105301,20.000002,83.91072,0
1983216N23088,36.36401,22.06,76.44182,1
1983252N25083,6.840368,25.653847,80.25385,0
1983274N18089,6.492252,18.024,86.036,0
1983276N06130,34.24579,11.050725,113.923195,2
1983282N09155,69.25212,10.850527,121.62106,2
1983287N19091,3.2632852,20.441668,91.07499,0
1983309N10091,15.44375,15.991892,89.924324,0
1983356N08081,2.5322475,8.388889,80.44444,0
1984145N11056,14.009444,12.0256405,52.266674,1
1984158N18068,3.0,19.833334,67.5,1
1984169N20137,39.145973,21.479517,123.16025,2
1984213N20089,27.586126,23.682259,76.13548,1
1984228N20091,16.076721,22.797297,83.19189,0
1984285N17089,8.683531,19.880487,87.50975,0
1984314N09088,11.687756,11.833332,82.358826,0
1984332N08086,43.730537,9.435955,70.06516,1
1985142N16089,11.3675995,19.145716,89.765724,0
1985148N15067,10.493856,20.09375,68.15312,1
1985213N20088,0.70710677,20.3875,87.6125,0
1985217N30075,1.1819104,30.144444,74.888885,0
1985218N21088,10.240876,23.228,83.208,0
1985226N19088,2.5382106,19.587502,87.05,0
1985262N18090,9.490559,19.744999,86.205,0
1985266N25077,2.869193,26.191666,78.066666,0
1985274N14084,3.3897104,14.722222,81.833336,0
1985279N20072,9.923947,21.228,72.984,1
1985281N02144,49.720314,11.336363,120.44156,2
1985282N12090,16.899307,17.341024,84.017944,0
1985284N05159,63.297607,13.716128,130.00429,2
1985287N13093,14.104699,19.276665,88.12334,0
1985316N13081,0.9000015,12.5,80.55,0
1985317N12082,14.454789,13.207501,83.25749,0
1985343N04090,17.366833,9.234146,86.11951,0
1986006N03087,11.130639,6.1883717,83.65116,0
1986221N22070,4.1677666,22.75,67.49167,1
1986223N18088,3.5,18.0,86.08571,0
1986228N19120,76.31706,20.042374,117.64181,2
1986231N21088,0.5472146,21.1,87.75,0
1986267N21088,0.7656868,20.755554,87.75556,0
1986308N11090,26.238451,15.366668,85.36445,0
1986311N12072,21.580372,12.524324,67.47837,1
1987030N06089,21.355547,12.104545,88.10682,0
1987150N13095,16.336529,17.712246,90.78776,0
1987155N16061,19.056908,18.833334,63.73968,1
1987219N08134,38.02317,13.409412,121.35293,2
1987219N08155,62.820217,14.195744,126.767395,2
1987238N24090,12.69112,24.242857,84.453575,0
1987255N23086,1.6180341,23.444445,84.833336,0
1987258N23082,3.9632988,23.641668,80.61667,0
1987287N12089,28.717691,18.017778,79.82667,1
1987303N06088,16.389256,12.521622,84.070274,0
1987312N09095,21.220516,13.666668,89.333336,0
1987336N10085,27.9376,12.183146,75.76517,1
1987351N09086,16.455765,10.782353,82.71373,0
1988160N14074,9.226706,16.57805,70.62195,1
1988161N21089,0.0,21.0,88.5,0
1988199N18086,0.5,18.25,86.0,0
1988215N22090,1.0,21.5,89.0,0
1988275N18085,0.0,17.5,84.5,0
1988291N15095,11.018406,19.14737,91.84737,0
1988319N08090,15.533796,13.445947,90.52973,0
1988320N10087,13.371872,13.191999,90.208,0
1988327N06100,25.972162,12.708822,91.47648,0
1988341N08090,6.5209684,10.495237,90.62381,0
1989143N17090,8.923002,19.957144,88.19143,0
1989159N17072,15.262483,20.81778,68.380005,1
1989163N20088,3.8472114,20.858822,87.641174,0
1989171N11088,0.0,11.2,88.2,0
1989203N18086,17.205336,20.639286,77.86428,1
1989228N17086,3.979182,17.591665,84.74167,0
1989290N18090,6.541271,20.51111,88.9,0
1989305N07105,34.42155,11.934177,92.648094,2
1989315N11084,0.0,10.5,84.0,0
1989321N11085,5.682255,9.743334,83.98333,0
1990108N09087,6.405037,12.1,87.155556,0
1990124N09088,18.671566,12.822224,82.79842,0
1990164N21089,7.042723,21.710526,86.6579,0
1990226N19088,12.637057,20.883999,82.46,0
1990232N22089,21.83848,22.182053,80.628204,0
1990246N23089,6.743223,22.647058,85.37059,0
1990272N11121,21.528767,13.209805,110.909805,2
1990280N18091,8.354385,20.794737,88.17894,0
1990304N08092,17.055077,15.430771,86.51795,0
1990318N14082,4.7317104,14.200001,80.27778,0
1990320N15076,5.8516893,14.71579,72.93158,1
1990348N04087,22.26005,13.795349,87.762794,0
1991015N02087,22.584274,4.3488894,76.006676,1
1991113N10091,26.819712,14.3246155,89.604614,0
1991150N14091,18.35128,18.624243,90.51515,0
1991208N20090,17.700478,22.397562,82.765854,0
1991234N20089,15.574547,24.746342,81.10244,0
1991264N15084,6.039993,16.933332,81.59334,0
1991285N15090,10.163407,19.510527,88.66843,0
1991301N10083,7.099659,12.104349,79.56087,0
1991313N10095,20.07444,11.174576,85.28815,0
1992136N10090,21.813347,15.02927,90.643906,0
1992155N10070,22.434155,11.57013,62.520786,1
1992167N12088,13.462906,17.351517,87.815155,0
1992188N07156,58.809578,14.5794525,128.20547,2
1992198N13135,39.243088,17.32535,119.29436,2
1992207N18090,10.14587,19.792591,86.44444,0
1992265N18099,12.570114,20.300001,91.509094,0
1992273N12077,27.68343,17.253334,64.157776,1
1992279N10097,20.862827,12.82683,87.29513,0
1992288N10089,23.505209,15.013042,86.52464,0
1992306N12093,15.304571,14.867213,87.885254,0
1992311N06107,40.518032,9.126317,86.61053,2
1992314N08141,67.92029,11.67156,105.65872,2
1992335N03077,9.5402775,4.840541,76.659454,1
1992354N03075,27.02791,5.866667,62.76275,1
1993309N06072,22.996387,9.563638,72.84849,1
1993312N06079,5.825141,8.035295,77.97648,0
1993316N11070,16.713078,18.6,66.04242,1
1993331N07108,36.688152,9.146478,89.85916,2
1993336N05164,72.64812,10.463865,128.58067,2
1993353N09084,4.6843643,9.946154,81.44616,0
1994078N06096,15.370637,10.16909,91.21273,0
1994117N07096,21.401276,13.455358,92.060715,0
1994157N17074,17.194931,18.965714,64.754295,1
1994206N22107,16.912682,20.20678,106.55254,0
1994302N11086,8.65851,12.137037,82.27407,0
1994317N07070,24.715061,8.762712,61.57627,1
1995126N11081,2.8287187,11.725,79.875,0
1995128N15082,6.565243,16.664705,82.19412,0
1995135N20087,9.946577,22.948147,89.67037,0
1995233N16115,22.804337,17.554428,111.516464,2
1995255N14104,30.40654,20.93077,89.0323,0
1995269N21088,3.7582543,23.058823,86.65882,0
1995284N17074,17.796528,17.854097,66.652466,1
1995292N08150,53.308926,11.419999,125.92265,2
1995310N09096,26.054663,15.888372,88.5721,0
1995323N05097,31.751266,10.466666,90.382454,0
1996122N08092,21.452225,14.745902,90.39672,0
1996161N17063,9.05171,18.717241,59.275856,1
1996163N08088,20.223656,15.212698,83.29048,0
1996167N16072,21.47187,23.474115,73.13059,1
1996208N24084,7.573228,24.464706,79.411766,0
1996275N15082,3.9282181,15.2300005,80.2,0
1996288N09092,54.81321,14.242579,70.91226,1
1996296N09093,23.0896,13.967213,88.8164,0
1996299N11121,31.648817,8.988135,107.41017,2
1996306N15097,20.39469,16.271427,87.885704,0
1996312N14125,39.970997,15.28842,115.37263,2
1996332N09092,30.4332,13.303372,84.88539,0
1997133N03092,28.403156,12.237288,91.35423,0
1997177N21090,8.931486,23.28,86.653336,0
1997210N21089,15.637401,22.988235,83.997055,0
1997216N20091,22.086979,23.310343,83.989655,0
1997232N20088,20.91043,24.20345,78.429306,1
1997240N20087,7.807486,22.5,84.399994,0
1997263N14084,20.815046,16.963076,85.13076,0
1997298N06140,55.54478,11.396801,110.948,2
1997307N08082,27.105352,10.510753,73.959145,1
1997308N08069,19.435892,9.639215,59.47059,1
1998133N04086,32.23097,13.671428,86.73968,0
1998147N11061,4.062479,12.96,60.033333,1
1998152N11075,26.26888,14.8581085,70.73244,1
1998165N18088,8.467381,18.061537,83.33077,0
1998272N18068,4.6357265,18.189474,65.73684,1
1998280N14069,6.56278,14.3,66.812004,1
1998285N14068,24.986105,17.17547,65.77736,1
1998287N16083,3.328719,16.092308,81.79231,0
1998299N11090,9.400454,12.712001,85.715996,0
1998317N11087,12.365717,15.437037,84.96296,0
1998320N10102,25.45713,14.432759,92.627594,0
1998343N08114,14.595526,7.864864,105.80541,0
1998346N10072,21.894894,14.728573,65.08572,1
1999031N08092,11.690606,9.746511,86.967445,0
1999135N12073,20.962193,19.260656,69.7459,1
1999159N18091,10.093827,20.762068,88.78622,0
1999168N19086,8.035304,19.527271,83.854546,0
1999208N21089,11.517517,22.838888,85.41111,0
1999219N21089,8.6046095,22.27619,85.561905,0
1999288N15093,16.464071,18.264706,87.03235,0
1999298N12099,23.791292,17.266668,88.541336,0
1999334N11118,24.38555,9.4191475,106.70212,2
1999342N10089,5.5251417,10.505263,85.88422,0
2000088N08090,11.161104,12.443999,88.872,0
2000236N17084,4.7473555,17.025002,82.075,0
2000289N15089,7.8854785,14.359461,84.8919,0
2000299N13093,17.21769,18.916666,90.009995,0
2000331N09092,39.243008,10.83,73.85125,1
2000358N08086,11.529991,8.366666,81.36875,0
2001141N14068,17.982615,17.373135,68.864174,1
2001163N20087,3.4096844,20.466665,85.94167,0
2001267N17070,10.408074,17.940542,66.100006,1
2001281N18071,8.488681,18.709755,67.54634,1
2001288N13084,5.828718,13.91579,81.03684,0
2001313N12084,7.943072,14.62963,83.27778,0
2001361N01106,18.165777,2.8468087,97.32766,0
2002126N09068,18.655972,13.37561,60.800003,1
2002129N08096,11.50188,12.692592,95.744446,0
2002295N14082,0.70000076,13.900001,81.5,0
2002314N12083,16.616507,15.579167,84.583336,0
2002327N10089,12.627158,14.957448,88.989365,0
2002355N04077,13.485315,4.889474,81.70263,0
2003129N05091,27.595104,12.118477,88.44675,0
2003206N21089,13.365415,22.316002,82.76,0
2003240N21089,3.0413814,20.833334,86.5,0
2003279N17084,11.524866,20.310715,84.05715,0
2003295N09101,22.524616,12.603509,95.796486,0
2003315N09067,19.115465,5.850794,56.985714,1
2003345N05092,18.79018,10.795349,85.53721,0
2004125N11074,14.520042,13.221154,72.54231,1
2004136N15090,17.657162,17.990244,91.03415,0
2004162N18068,3.399994,17.86,65.967995,1
2004163N15090,10.918843,18.48889,86.477776,0
2004256N23089,1.5828441,22.72857,88.10714,0
2004274N16069,19.869144,19.946836,68.0886,1
2004276N12087,9.266954,14.411765,84.67647,0
2004281N23087,3.4757664,23.444445,88.44444,0
2004307N09068,21.673874,13.357895,63.24035,1
2004319N10134,43.763752,12.221212,118.299995,2
2004332N02072,31.99356,5.034328,59.431343,1
2005007N04085,4.716827,4.893103,83.76207,0
2005012N04090,7.2703004,5.138298,87.34469,0
2005172N22069,2.1071045,21.950003,67.94167,1
2005179N22088,11.714161,24.17077,82.293846,0
2005210N21088,6.481537,21.53,86.295,0
2005255N20088,14.629412,23.502777,80.941666,0
2005257N15120,29.059353,15.015384,112.16152,2
2005257N20069,3.7826676,20.780003,67.98,1
2005260N20091,16.675522,19.466667,84.16666,0
2005262N13127,31.732273,18.694519,115.40137,2
2005274N17086,5.598652,19.647058,86.74706,0
2005298N12088,10.736431,13.47353,82.93823,0
2005324N08085,5.736068,8.552631,82.42105,0
2005330N09096,19.704441,11.744444,85.98254,0
2005338N09093,21.742645,9.975362,83.96232,0
2005349N06090,21.794424,10.830667,85.29467,0
2006012N03081,29.91454,7.057627,69.08475,1
2006114N08090,14.512654,12.744445,91.22445,0
2006182N20088,13.350997,20.84054,84.60811,0
2006214N20088,8.946461,20.192593,83.488884,0
2006224N21088,5.9142137,21.5,86.0625,0
2006228N21088,11.975422,21.789474,82.947365,0
2006241N20088,13.852741,22.826923,80.94231,0
2006247N21089,4.5322475,21.25,86.125,0
2006262N19069,7.797933,19.911865,66.79322,1
2006264N23087,1.2071068,23.354166,85.979164,0
2006271N18089,6.973847,18.682352,86.23529,0
2006300N07078,9.520687,12.844443,79.9037,0
2006329N06150,71.72959,11.304064,116.924385,2
2007133N15091,8.83508,17.76111,91.36667,0
2007151N14072,21.252745,19.160316,64.40476,1
2007172N15088,32.89167,20.921818,73.089096,1
2007178N18089,11.875358,19.251852,85.59999,0
2007300N11068,3.9607706,11.240002,66.748,1
2007314N10093,18.06361,13.9375,90.541664,0
2008117N11090,23.459396,14.249275,89.48696,0
2008157N16066,7.946461,18.6875,63.28125,1
2008168N22090,4.5473666,22.752941,88.55294,0
2008223N20086,2.6295588,21.125,85.6375,0
2008259N20089,11.964064,21.755882,84.82941,0
2008293N09060,13.214599,11.788889,54.27778,1
2008298N16085,11.511553,18.504,87.592,0
2008317N11089,12.953505,12.948648,84.60541,0
2008329N09082,7.7906566,10.364514,80.05161,0
2008338N06092,19.209373,7.2509108,84.32909,0
2009104N13088,15.602349,16.942423,87.987885,0
2009143N17089,11.264257,19.789656,88.43448,0
2009174N18072,4.046941,20.188889,71.14444,1
2009176N23069,0.5,22.7,68.5,1
2009201N21089,4.6818686,21.45,86.740005,0
2009247N19089,8.3066635,22.066664,86.740005,0
2009313N11072,9.961436,14.825,71.775,1
2009344N06085,8.811605,8.681579,83.34211,0
2010136N09057,13.714588,10.972879,54.289833,1
2010137N10090,14.7392025,13.795121,83.50487,0
2010151N14065,26.811655,20.025393,62.673016,1
2010280N17085,10.733235,20.392857,87.18572,0
2010286N18090,6.9883413,18.373913,87.35217,0
2010293N17093,12.797803,19.081081,93.38918,0
2010305N06105,29.627853,9.368334,90.899994,0
2010341N14082,3.0606732,15.1,81.275,0
2011033N06083,0.0,6.5,82.5,0
2011160N18070,5.8317127,19.437038,71.08518,1
2011167N22089,12.234381,23.457407,84.7963,0
2011203N24085,4.328718,24.025,82.5875,0
2011265N21088,1.4670037,21.97,86.95,0
2011290N15090,9.780014,18.692,90.164,0
2011302N13062,15.162448,15.547367,56.47369,1
2011310N11066,14.790157,13.83721,59.89302,1
2011330N06078,21.242119,13.625534,69.30425,1
2011360N09088,13.003612,11.512196,84.7,0
2012285N21091,2.1375883,22.050001,91.15,0
2012297N11067,19.126822,10.507142,57.32143,1
2012301N11087,15.310001,10.773333,82.28,0
2012321N14090,14.136847,14.577966,85.4034,0
2012357N09064,14.681075,8.095652,56.621742,1
2013130N04093,28.013123,12.617544,88.78772,0
2013149N21090,5.438292,22.594736,87.8421,0
2013211N21088,9.086132,21.85,83.58125,0
2013232N22088,8.9592495,22.844,83.92,0
2013281N12098,21.569881,16.494545,89.38911,0
2013305N07141,89.00426,11.048428,94.7654,2
2013310N06066,21.645334,8.030612,55.065304,1
2013322N13090,12.990397,15.427906,83.89303,0
2013324N07103,29.102404,10.373333,93.36399,0
2013339N09084,16.261349,12.1269865,83.85555,0
2014003N08086,9.957167,8.457447,81.5915,0
2014141N16091,5.009694,16.75,91.48125,0
2014159N12068,14.723406,17.247059,66.36471,1
2014202N22087,10.067574,22.45,82.08889,0
2014216N21089,11.769459,23.375862,83.33448,0
2014279N11096,24.361584,15.757576,87.6394,0
2014297N11062,15.790634,16.453424,62.745197,1
2014309N13088,8.824293,13.9,86.39714,0
2015157N13069,14.521165,18.85102,64.33469,1
2015171N18086,3.9457638,19.585714,85.12142,0
2015173N20067,12.112558,21.550001,70.68636,1
2015191N23085,12.025288,25.152632,80.789474,0
2015207N22091,10.279802,22.325003,90.043335,0
2015209N26072,6.6473107,26.466665,72.38095,1
2015216N23081,3.699997,22.699999,78.81666,0
2015259N20084,14.549928,20.491667,78.8375,0
2015280N13071,5.445797,14.268292,70.27316,1
2015301N11065,21.747318,13.490164,57.52623,1
2015309N14067,21.399097,13.093879,57.038773,1
2015312N11084,5.1210003,11.6235285,80.958824,0
2016138N10081,21.717537,16.839024,84.85365,0
2016178N22068,6.77146,21.386955,64.40436,1
2016222N22089,7.7842712,23.517857,87.15357,0
2016230N21089,14.540285,23.600002,83.068565,0
2016295N13089,18.88996,15.429852,88.45672,0
2016308N13088,14.632954,16.796667,87.05334,0
2016335N07088,10.15985,9.7,82.85652,0
2016341N08092,45.77042,11.575728,77.30292,1
2017104N08085,15.472746,14.175999,90.207985,0
2017147N14087,14.699058,17.96207,90.85516,0
2017163N20090,4.5879164,22.772728,90.51818,0
2017199N19086,1.4090863,19.677778,85.46667,0
2017207N24085,0.0,24.0,85.0,0
2017232N19130,31.473473,21.186668,117.54444,2
2017282N22088,2.5000193,22.98182,87.73636,0
2017292N17087,3.5509665,17.8,86.42,0
2017307N07102,12.628512,7.651219,101.33658,0
2017319N15083,5.8590407,17.411764,84.382355,0
2017333N06082,23.59983,11.121052,73.06492,1
2017340N09089,13.994884,15.2,87.46176,0
2018072N05076,5.483797,7.207143,74.25714,1
2018136N11054,41.17728,12.57957,51.70753,1
2018148N17090,7.7311525,18.616665,92.438896,0
2018161N22092,0.765027,22.68,91.42,0
2018202N21088,5.0490713,22.443748,86.212494,0
2018219N21088,3.0170088,21.583334,86.13333,0
2018227N20086,10.415198,20.66875,81.425,0
2018249N22088,5.0724163,21.949999,86.229996,0
2018263N17089,14.404771,19.645452,83.11819,0
2018279N11069,21.970602,13.632,59.328003,1
2018281N14088,12.363739,17.515001,86.0,0
2018314N12093,31.12691,11.761843,80.60789,1
2018347N07089,14.166616,10.828204,85.27693,0
2018365N08115,28.409433,8.485073,102.72537,2
2019116N02090,28.36195,12.16338,87.07183,0
2019160N11073,22.978947,18.231167,68.987015,1
2019218N21088,12.855868,22.199999,84.138466,0
2019264N19071,21.408636,19.653336,62.615555,1
2019273N23070,4.0737553,23.430769,71.47692,1
2019296N15066,33.06059,16.410753,64.055916,1
2019301N05081,40.960968,15.887386,70.26666,1
2019302N11118,42.528835,15.11835,97.00091,2
2019335N05058,15.480591,7.0824556,55.084206,1
2019337N11072,11.4732485,14.290322,68.54516,1
2019342N09062,7.3042088,10.313334,59.066666,1
2020136N10088,18.794413,15.401962,87.13922,0
2020150N17054,1.5462828,17.145,53.855,1
2020153N13072,13.097073,16.541378,72.56898,1
2020285N15087,10.078377,16.474075,82.888885,0
2020291N18069,4.699997,17.800001,66.37856,1
2020296N19087,6.1380777,21.107143,88.185715,0
2020326N11063,17.688652,10.996969,52.924244,1
2020327N08086,11.762468,11.137209,82.244194,0
2020335N06090,13.840522,8.4063835,83.048935,0
2020353N06129,35.323334,8.624615,112.52769,2
2021092N11096,2.57516,11.969999,96.909996,0
2021133N10071,18.445496,16.622448,72.25307,1
2021143N15090,11.578191,19.428204,87.897446,0
2021256N20087,6.166926,21.547369,84.92632,0
2021264N13119,21.200302,14.402439,109.11218,2
2021267N18094,39.697063,21.094118,74.35412,1
2021280N14068,2.0326896,14.464286,66.564285,1
2021312N07090,13.483031,10.22069,84.9931,0
2021322N11082,3.1502233,11.911111,80.81111,0
2021335N08096,22.84914,14.32889,88.168884,0
2022062N06085,9.268259,9.893548,82.90324,0
2022079N10093,9.661175,13.668,93.82,0
2022126N07095,19.90338,12.742858,86.220634,0
2022140N16097,1.3142169,16.883333,97.666664,0
2022197N22069,3.7116961,22.692856,68.16428,1
2022221N21086,2.4217944,21.116667,84.48333,0
2022224N22067,8.220485,22.105001,65.44,1
2022226N22088,12.258829,22.961111,81.87222,0
2022230N18095,20.269651,22.29778,85.06222,0
2022254N20085,4.3882556,20.01111,82.27778,0
2022295N13093,15.51623,17.055555,90.022224,0
2022324N10086,5.4681134,11.794118,83.700005,0
2022338N05100,23.349447,9.173585,87.49245,0
2022347N12074,20.2335,13.390564,65.481125,1
2022356N09085,7.727268,9.900001,83.965385,0
2023030N08087,8.033532,7.964286,83.346436,0
2023129N08091,23.78967,13.650979,89.9745,0
2023156N10067,24.990799,18.846018,68.07257,1
2023160N20092,2.8669853,20.186666,91.63333,0
2023212N19090,13.488684,21.270967,88.63227,0
2023273N16073,1.711564,16.6125,73.35,1
2023292N11063,15.291701,12.297674,56.779068,1
2023293N12089,15.515724,16.934147,88.17073,0
2023317N10094,20.448765,16.464104,89.05897,0
2023334N08088,15.047066,12.20204,82.853065,0
