sid,cyclone_name,year,state,District,loss_usd_raw,HWE_weight_norm,loss_usd_hwe,dlna_total,calibration_state,dist_to_coast_km,is_inland
2016341N08092,Vardah,2016,TAMIL NADU,ARIYALUR,0.0,0.0,0.0,1000000000.0,TAMIL NADU,63.62057119579406,False
2016341N08092,Vardah,2016,TAMIL NADU,CHENGALPATTU,2010269858.8763025,0.1504329667718519,150432966.77185193,1000000000.0,TAMIL NADU,19.325784333509223,False
2016341N08092,Vardah,2016,TAMIL NADU,CHENNAI,9931451029.90268,0.4959795742450848,495979574.2450848,1000000000.0,TAMIL NADU,5.839643124010018,False
2016341N08092,Vardah,2016,TAMIL NADU,COIMBATORE,0.0,0.0,0.0,1000000000.0,TAMIL NADU,108.39100130541205,False
2016341N08092,Vardah,2016,TAMIL NADU,CUDDALORE,966743.2770599404,0.0,0.0,1000000000.0,TAMIL NADU,34.0290741443354,False
2016341N08092,Vardah,2016,TAMIL NADU,DHARMAPURI,0.0,0.0,0.0,1000000000.0,TAMIL NADU,179.62476998661626,True
2016341N08092,Vardah,2016,TAMIL NADU,DINDIGUL,0.0,0.0,0.0,1000000000.0,TAMIL NADU,150.21223962734382,True
2016341N08092,Vardah,2016,TAMIL NADU,ERODE,0.0,0.0,0.0,1000000000.0,TAMIL NADU,173.7002175044597,True
2016341N08092,Vardah,2016,TAMIL NADU,KALLAKKURICHI,0.0,0.0,0.0,1000000000.0,TAMIL NADU,83.48371470022124,False
2016341N08092,Vardah,2016,TAMIL NADU,KANCHIPURAM,1564978481.1963916,0.0796884752293402,79688475.22934027,1000000000.0,TAMIL NADU,45.57299150332072,False
2016341N08092,Vardah,2016,TAMIL NADU,KANNIYAKUMARI,0.0,0.0,0.0,1000000000.0,TAMIL NADU,18.78620052208621,False
2016341N08092,Vardah,2016,TAMIL NADU,KARUR,0.0,0.0,0.0,1000000000.0,TAMIL NADU,143.96170420098792,False
2016341N08092,Vardah,2016,TAMIL NADU,KRISHNAGIRI,0.0,0.0,0.0,1000000000.0,TAMIL NADU,209.2621366787505,True
2016341N08092,Vardah,2016,TAMIL NADU,MADURAI,0.0,0.0,0.0,1000000000.0,TAMIL NADU,98.5553036045135,False
2016341N08092,Vardah,2016,TAMIL NADU,MAYILADUTHURAI,0.0,0.0,0.0,1000000000.0,TAMIL NADU,13.320733333447928,False
2016341N08092,Vardah,2016,TAMIL NADU,NAGAPATTINAM,0.0,0.0,0.0,1000000000.0,TAMIL NADU,10.209239249806872,False
2016341N08092,Vardah,2016,TAMIL NADU,NAMAKKAL,0.0,0.0,0.0,1000000000.0,TAMIL NADU,173.9717180304713,True
2016341N08092,Vardah,2016,TAMIL NADU,PERAMBALUR,0.0,0.0,0.0,1000000000.0,TAMIL NADU,100.23741902161902,False
2016341N08092,Vardah,2016,TAMIL NADU,PUDUKKOTTAI,0.0,0.0,0.0,1000000000.0,TAMIL NADU,44.88464767338112,False
2016341N08092,Vardah,2016,TAMIL NADU,RAMANATHAPURAM,0.0,0.0,0.0,1000000000.0,TAMIL NADU,22.89673354275472,False
2016341N08092,Vardah,2016,TAMIL NADU,RANIPET,347648132.6005033,0.0257863681795279,25786368.17952797,1000000000.0,TAMIL NADU,88.3188819996523,False
2016341N08092,Vardah,2016,TAMIL NADU,SALEM,0.0,0.0,0.0,1000000000.0,TAMIL NADU,169.83244123671898,True
2016341N08092,Vardah,2016,TAMIL NADU,SIVAGANGA,0.0,0.0,0.0,1000000000.0,TAMIL NADU,50.05393320338041,False
2016341N08092,Vardah,2016,TAMIL NADU,TENKASI,0.0,0.0,0.0,1000000000.0,TAMIL NADU,83.82630971138578,False
2016341N08092,Vardah,2016,TAMIL NADU,THANJAVUR,0.0,0.0,0.0,1000000000.0,TAMIL NADU,39.24228886074911,False
2016341N08092,Vardah,2016,TAMIL NADU,THE NILGIRIS,0.0,0.0,0.0,1000000000.0,TAMIL NADU,88.56990328646155,False
2016341N08092,Vardah,2016,TAMIL NADU,THENI,0.0,0.0,0.0,1000000000.0,TAMIL NADU,116.322807331382,False
2016341N08092,Vardah,2016,TAMIL NADU,THIRUVALLUR,3251012688.8942256,0.1680404108269501,168040410.82695013,1000000000.0,TAMIL NADU,35.30602115486796,False
2016341N08092,Vardah,2016,TAMIL NADU,THIRUVARUR,0.0,0.0,0.0,1000000000.0,TAMIL NADU,34.85096335295899,False
2016341N08092,Vardah,2016,TAMIL NADU,THOOTHUKUDI,0.0,0.0,0.0,1000000000.0,TAMIL NADU,19.491717239414548,False
2016341N08092,Vardah,2016,TAMIL NADU,TIRUCHIRAPPALLI,0.0,0.0,0.0,1000000000.0,TAMIL NADU,105.89032379890644,False
2016341N08092,Vardah,2016,TAMIL NADU,TIRUNELVELI,0.0,0.0,0.0,1000000000.0,TAMIL NADU,44.502725202798175,False
2016341N08092,Vardah,2016,TAMIL NADU,TIRUPATHUR,0.0,0.0,0.0,1000000000.0,TAMIL NADU,150.25642639306193,True
2016341N08092,Vardah,2016,TAMIL NADU,TIRUPPUR,0.0,0.0,0.0,1000000000.0,TAMIL NADU,151.79180468683495,True
2016341N08092,Vardah,2016,TAMIL NADU,TIRUVANNAMALAI,104623282.46853088,0.0184519719516874,18451971.95168749,1000000000.0,TAMIL NADU,90.34720972750073,False
2016341N08092,Vardah,2016,TAMIL NADU,VELLORE,221895108.50076595,0.0265075795209167,26507579.520916708,1000000000.0,TAMIL NADU,138.00579379448902,False
2016341N08092,Vardah,2016,TAMIL NADU,VILUPPURAM,82556217.7451428,0.0351126532746407,35112653.27464079,1000000000.0,TAMIL NADU,38.384275398640696,False
2016341N08092,Vardah,2016,TAMIL NADU,VIRUDHUNAGAR,0.0,0.0,0.0,1000000000.0,TAMIL NADU,60.74418560108055,False
2017333N06082,Ockhi,2017,KERALA,PALAKKAD,0.0,0.0,0.0,900000000.0,KERALA,62.11885760664149,False
2017333N06082,Ockhi,2017,KERALA,ALAPPUZHA,215268.16364057115,0.0,0.0,900000000.0,KERALA,11.243678383561976,False
2017333N06082,Ockhi,2017,KERALA,KOTTAYAM,0.0,0.0,0.0,900000000.0,KERALA,24.76087825400478,False
2017333N06082,Ockhi,2017,KERALA,KOLLAM,19430265.350373883,0.0,0.0,900000000.0,KERALA,26.49558954152724,False
2017333N06082,Ockhi,2017,KERALA,KOZHIKODE,0.0,0.0,0.0,900000000.0,KERALA,13.951380585808227,False
2017333N06082,Ockhi,2017,KERALA,KASARAGOD,0.0,0.0,0.0,900000000.0,KERALA,14.805417541664376,False
2017333N06082,Ockhi,2017,KERALA,MALAPPURAM,0.0,0.0,0.0,900000000.0,KERALA,31.93761878596308,False
2017333N06082,Ockhi,2017,KERALA,WAYANAD,0.0,0.0,0.0,900000000.0,KERALA,52.81943194433568,False
2017333N06082,Ockhi,2017,KERALA,PATHANAMTHITTA,0.0,0.0,0.0,900000000.0,KERALA,51.24892050739052,False
2017333N06082,Ockhi,2017,KERALA,IDUKKI,0.0,0.0,0.0,900000000.0,KERALA,73.5640755923992,False
2017333N06082,Ockhi,2017,KERALA,THRISSUR,0.0,0.0,0.0,900000000.0,KERALA,26.855185455895263,False
2017333N06082,Ockhi,2017,KERALA,ERNAKULAM,0.0,0.0,0.0,900000000.0,KERALA,28.908020260505392,False
2017333N06082,Ockhi,2017,KERALA,THIRUVANANTHAPURAM,163050584.7248586,0.0,0.0,900000000.0,KERALA,18.6276330998098,False
2017333N06082,Ockhi,2017,KERALA,KANNUR,0.0,0.0,0.0,900000000.0,KERALA,22.66743073234404,False
2009143N17089,Aila,2009,WEST BENGAL,MURSHID>B>D,0.0,0.0,0.0,1200000000.0,WEST BENGAL,224.3214942151804,True
2009143N17089,Aila,2009,WEST BENGAL,SOUTH 24PARGANAS,5053886950.965127,0.2402691821848783,288323018.621854,1200000000.0,WEST BENGAL,0.2690935396602534,False
2009143N17089,Aila,2009,WEST BENGAL,PURULIYA,0.0,0.0,0.0,1200000000.0,WEST BENGAL,214.5855221456294,True
2009143N17089,Aila,2009,WEST BENGAL,PASCHIM MEDIN|PUR,215304490.8751132,0.0,0.0,1200000000.0,WEST BENGAL,68.22017114622233,False
2009143N17089,Aila,2009,WEST BENGAL,PASCHIM BARDDHAM>N,0.0,0.0,0.0,1200000000.0,WEST BENGAL,194.27184099778407,True
2009143N17089,Aila,2009,WEST BENGAL,NORTH TWENTY-FOUR PARGANAS,4824951233.917767,0.230550792922374,276660951.5068489,1200000000.0,WEST BENGAL,46.03511529320693,False
2009143N17089,Aila,2009,WEST BENGAL,KOCH BIH>R,0.0,0.0,0.0,1200000000.0,WEST BENGAL,487.6216168271371,True
2009143N17089,Aila,2009,WEST BENGAL,JHARGRAM,1121430.88935458,0.0,0.0,1200000000.0,WEST BENGAL,101.78776762055148,False
2009143N17089,Aila,2009,WEST BENGAL,JALP>IGURI,0.0,0.0,0.0,1200000000.0,WEST BENGAL,530.1278604339735,True
2009143N17089,Aila,2009,WEST BENGAL,HUGLI,1648849157.5925086,0.0988316451113672,118597974.13364074,1200000000.0,WEST BENGAL,75.39291581938575,False
2009143N17089,Aila,2009,WEST BENGAL,B>NKURA,2642997.504452282,0.0,0.0,1200000000.0,WEST BENGAL,143.71238570295617,False
2009143N17089,Aila,2009,WEST BENGAL,>L|PUR DU>R,0.0,0.0,0.0,1200000000.0,WEST BENGAL,531.4108232831835,True
2009143N17089,Aila,2009,WEST BENGAL,UTTAR DIN>JPUR,0.0,0.0,0.0,1200000000.0,WEST BENGAL,435.1814205693545,True
2009143N17089,Aila,2009,WEST BENGAL,PURBA MEDIN|PUR,499941871.7403183,0.0624652676685074,74958321.202209,1200000000.0,WEST BENGAL,24.500567991857483,False
2009143N17089,Aila,2009,WEST BENGAL,PURBA BARDDHAM>N,107608469.01387765,0.0,0.0,1200000000.0,WEST BENGAL,133.61698212949506,False
2009143N17089,Aila,2009,WEST BENGAL,NADIA,220052143.10306564,0.0447309791646493,53677174.9975792,1200000000.0,WEST BENGAL,137.1164703868918,False
2009143N17089,Aila,2009,WEST BENGAL,M>LDAH,0.0,0.0,0.0,1200000000.0,WEST BENGAL,344.46233465100954,True
2009143N17089,Aila,2009,WEST BENGAL,K>LIMPONG,0.0,0.0,0.0,1200000000.0,WEST BENGAL,573.8657337803619,True
2009143N17089,Aila,2009,WEST BENGAL,H>ORA,2491811719.5787,0.1311387240669314,157366468.8803177,1200000000.0,WEST BENGAL,31.539889695985977,False
2009143N17089,Aila,2009,WEST BENGAL,D>RJILING,0.0,0.0,0.0,1200000000.0,WEST BENGAL,552.6368364021915,True
2009143N17089,Aila,2009,WEST BENGAL,DAKSHIN DIN>JPUR,0.0,0.0,0.0,1200000000.0,WEST BENGAL,367.0948899014041,True
2009143N17089,Aila,2009,WEST BENGAL,B|RBH@M,0.0,0.0,0.0,1200000000.0,WEST BENGAL,209.6147590286952,True
2009143N17089,Aila,2009,WEST BENGAL,P@RBA MEDIN|PUR,0.0,0.0,0.0,1200000000.0,WEST BENGAL,0.5905135421922132,False
2009143N17089,Aila,2009,WEST BENGAL,KOLK>TA,4336891998.743709,0.192013408881292,230416090.6575504,1200000000.0,WEST BENGAL,38.354297659871975,False
2010137N10090,Laila,2010,ANDHRA PRADESH,ALLURI SITHARAMA RAJU,0.0,0.0,0.0,600000000.0,ANDHRA PRADESH,81.62386769276834,False
2010137N10090,Laila,2010,ANDHRA PRADESH,ANAKAPALLI,0.0,0.0,0.0,600000000.0,ANDHRA PRADESH,27.2472814095642,False
2010137N10090,Laila,2010,ANDHRA PRADESH,ANANTHAPURAMU,0.0,0.0,0.0,600000000.0,ANDHRA PRADESH,294.7578857067431,True
2010137N10090,Laila,2010,ANDHRA PRADESH,ANNAMAYYA,0.0,0.0,0.0,600000000.0,ANDHRA PRADESH,134.18571056899572,False
2010137N10090,Laila,2010,ANDHRA PRADESH,BAPATLA,95720366.82985684,0.4379126190411593,262747571.4246956,600000000.0,ANDHRA PRADESH,16.846940282516805,False
2010137N10090,Laila,2010,ANDHRA PRADESH,CHITTOOR,0.0,0.0,0.0,600000000.0,ANDHRA PRADESH,133.50804998406028,False
2010137N10090,Laila,2010,ANDHRA PRADESH,DR.B.R.AMBEDKAR KONASEEMA,0.0,0.0,0.0,600000000.0,ANDHRA PRADESH,22.6107058543029,False
2010137N10090,Laila,2010,ANDHRA PRADESH,EAST GODAVARI,0.0,0.0,0.0,600000000.0,ANDHRA PRADESH,59.33083144037604,False
2010137N10090,Laila,2010,ANDHRA PRADESH,ELURU,0.0,0.0,0.0,600000000.0,ANDHRA PRADESH,72.69882640287939,False
2010137N10090,Laila,2010,ANDHRA PRADESH,GUNTUR,229603686.51423725,0.0,0.0,600000000.0,ANDHRA PRADESH,49.20844248852119,False
2010137N10090,Laila,2010,ANDHRA PRADESH,KAKINADA,0.0,0.0,0.0,600000000.0,ANDHRA PRADESH,13.561250832171009,False
2010137N10090,Laila,2010,ANDHRA PRADESH,KRISHNA,13409347.091626484,0.5620873809588406,337252428.5753043,600000000.0,ANDHRA PRADESH,25.28948767177296,False
2010137N10090,Laila,2010,ANDHRA PRADESH,KURNOOL,0.0,0.0,0.0,600000000.0,ANDHRA PRADESH,279.63598530872343,True
2010137N10090,Laila,2010,ANDHRA PRADESH,NANDYAL,0.0,0.0,0.0,600000000.0,ANDHRA PRADESH,185.44360555379976,True
2010137N10090,Laila,2010,ANDHRA PRADESH,NTR,900842.1653743644,0.0,0.0,600000000.0,ANDHRA PRADESH,104.01130369914424,False
2010137N10090,Laila,2010,ANDHRA PRADESH,PALNADU,32132891.38832815,0.0,0.0,600000000.0,ANDHRA PRADESH,92.58274846421028,False
2010137N10090,Laila,2010,ANDHRA PRADESH,PARVATHIPURAM MANYAM,0.0,0.0,0.0,600000000.0,ANDHRA PRADESH,72.28227921642439,False
2010137N10090,Laila,2010,ANDHRA PRADESH,PRAKASAM,25525691.28140376,0.0,0.0,600000000.0,ANDHRA PRADESH,80.86699630192994,False
2010137N10090,Laila,2010,ANDHRA PRADESH,SRI POTTI SRIRAMULU NELLORE,0.0,0.0,0.0,600000000.0,ANDHRA PRADESH,45.41306772681656,False
2010137N10090,Laila,2010,ANDHRA PRADESH,SRI SATHYA SAI,0.0,0.0,0.0,600000000.0,ANDHRA PRADESH,255.41912058370164,True
2010137N10090,Laila,2010,ANDHRA PRADESH,SRIKAKULAM,0.0,0.0,0.0,600000000.0,ANDHRA PRADESH,18.54665960711792,False
2010137N10090,Laila,2010,ANDHRA PRADESH,TIRUPATI,0.0,0.0,0.0,600000000.0,ANDHRA PRADESH,34.91007532719435,False
2010137N10090,Laila,2010,ANDHRA PRADESH,VISAKHAPATNAM,0.0,0.0,0.0,600000000.0,ANDHRA PRADESH,10.484203800832423,False
2010137N10090,Laila,2010,ANDHRA PRADESH,VIZIANAGARAM,0.0,0.0,0.0,600000000.0,ANDHRA PRADESH,34.094427443445944,False
2010137N10090,Laila,2010,ANDHRA PRADESH,WEST GODAVARI,0.0,0.0,0.0,600000000.0,ANDHRA PRADESH,25.004967396412784,False
2010137N10090,Laila,2010,ANDHRA PRADESH,YSR KADAPA,0.0,0.0,0.0,600000000.0,ANDHRA PRADESH,157.40821486997137,True
2013322N13090,Helen,2013,ANDHRA PRADESH,ALLURI SITHARAMA RAJU,0.0,0.0,0.0,500000000.0,ANDHRA PRADESH,81.62386769276834,False
2013322N13090,Helen,2013,ANDHRA PRADESH,ANAKAPALLI,0.0,0.0,0.0,500000000.0,ANDHRA PRADESH,27.2472814095642,False
2013322N13090,Helen,2013,ANDHRA PRADESH,ANANTHAPURAMU,0.0,0.0,0.0,500000000.0,ANDHRA PRADESH,294.7578857067431,True
2013322N13090,Helen,2013,ANDHRA PRADESH,ANNAMAYYA,0.0,0.0,0.0,500000000.0,ANDHRA PRADESH,134.18571056899572,False
2013322N13090,Helen,2013,ANDHRA PRADESH,BAPATLA,213301.8448513959,0.0,0.0,500000000.0,ANDHRA PRADESH,16.846940282516805,False
2013322N13090,Helen,2013,ANDHRA PRADESH,CHITTOOR,0.0,0.0,0.0,500000000.0,ANDHRA PRADESH,133.50804998406028,False
2013322N13090,Helen,2013,ANDHRA PRADESH,DR.B.R.AMBEDKAR KONASEEMA,120011966.26105492,0.0,0.0,500000000.0,ANDHRA PRADESH,22.6107058543029,False
2013322N13090,Helen,2013,ANDHRA PRADESH,EAST GODAVARI,6848514.239899918,0.0,0.0,500000000.0,ANDHRA PRADESH,59.33083144037604,False
2013322N13090,Helen,2013,ANDHRA PRADESH,ELURU,37293184.07732263,0.0,0.0,500000000.0,ANDHRA PRADESH,72.69882640287939,False
2013322N13090,Helen,2013,ANDHRA PRADESH,GUNTUR,121450.42999582324,0.0,0.0,500000000.0,ANDHRA PRADESH,49.20844248852119,False
2013322N13090,Helen,2013,ANDHRA PRADESH,KAKINADA,6260813.377874163,0.0,0.0,500000000.0,ANDHRA PRADESH,13.561250832171009,False
2013322N13090,Helen,2013,ANDHRA PRADESH,KRISHNA,37042271.78127875,0.0,0.0,500000000.0,ANDHRA PRADESH,25.28948767177296,False
2013322N13090,Helen,2013,ANDHRA PRADESH,KURNOOL,0.0,0.0,0.0,500000000.0,ANDHRA PRADESH,279.63598530872343,True
2013322N13090,Helen,2013,ANDHRA PRADESH,NANDYAL,0.0,0.0,0.0,500000000.0,ANDHRA PRADESH,185.44360555379976,True
2013322N13090,Helen,2013,ANDHRA PRADESH,NTR,479063.6805781653,0.0,0.0,500000000.0,ANDHRA PRADESH,104.01130369914424,False
2013322N13090,Helen,2013,ANDHRA PRADESH,PALNADU,0.0,0.0,0.0,500000000.0,ANDHRA PRADESH,92.58274846421028,False
2013322N13090,Helen,2013,ANDHRA PRADESH,PARVATHIPURAM MANYAM,0.0,0.0,0.0,500000000.0,ANDHRA PRADESH,72.28227921642439,False
2013322N13090,Helen,2013,ANDHRA PRADESH,PRAKASAM,0.0,0.0,0.0,500000000.0,ANDHRA PRADESH,80.86699630192994,False
2013322N13090,Helen,2013,ANDHRA PRADESH,SRI POTTI SRIRAMULU NELLORE,0.0,0.0,0.0,500000000.0,ANDHRA PRADESH,45.41306772681656,False
2013322N13090,Helen,2013,ANDHRA PRADESH,SRI SATHYA SAI,0.0,0.0,0.0,500000000.0,ANDHRA PRADESH,255.41912058370164,True
2013322N13090,Helen,2013,ANDHRA PRADESH,SRIKAKULAM,0.0,0.0,0.0,500000000.0,ANDHRA PRADESH,18.54665960711792,False
2013322N13090,Helen,2013,ANDHRA PRADESH,TIRUPATI,0.0,0.0,0.0,500000000.0,ANDHRA PRADESH,34.91007532719435,False
2013322N13090,Helen,2013,ANDHRA PRADESH,VISAKHAPATNAM,0.0,0.0,0.0,500000000.0,ANDHRA PRADESH,10.484203800832423,False
2013322N13090,Helen,2013,ANDHRA PRADESH,VIZIANAGARAM,0.0,0.0,0.0,500000000.0,ANDHRA PRADESH,34.094427443445944,False
2013322N13090,Helen,2013,ANDHRA PRADESH,WEST GODAVARI,84821501.10353912,0.0,0.0,500000000.0,ANDHRA PRADESH,25.004967396412784,False
2013322N13090,Helen,2013,ANDHRA PRADESH,YSR KADAPA,0.0,0.0,0.0,500000000.0,ANDHRA PRADESH,157.40821486997137,True
2020136N10088,Amphan,2020,WEST BENGAL,MURSHID>B>D,0.0,0.0,0.0,13000000000.0,WEST BENGAL,224.3214942151804,True
2020136N10088,Amphan,2020,WEST BENGAL,SOUTH 24PARGANAS,4472820742.222292,0.3079464466220129,4003303806.086168,13000000000.0,WEST BENGAL,0.2690935396602534,False
2020136N10088,Amphan,2020,WEST BENGAL,PURULIYA,0.0,0.0,0.0,13000000000.0,WEST BENGAL,214.5855221456294,True
2020136N10088,Amphan,2020,WEST BENGAL,PASCHIM MEDIN|PUR,0.0,0.0,0.0,13000000000.0,WEST BENGAL,68.22017114622233,False
2020136N10088,Amphan,2020,WEST BENGAL,PASCHIM BARDDHAM>N,0.0,0.0,0.0,13000000000.0,WEST BENGAL,194.27184099778407,True
2020136N10088,Amphan,2020,WEST BENGAL,NORTH TWENTY-FOUR PARGANAS,3976709781.988544,0.2907151031962745,3779296341.551569,13000000000.0,WEST BENGAL,46.03511529320693,False
2020136N10088,Amphan,2020,WEST BENGAL,KOCH BIH>R,0.0,0.0,0.0,13000000000.0,WEST BENGAL,487.6216168271371,True
2020136N10088,Amphan,2020,WEST BENGAL,JHARGRAM,0.0,0.0,0.0,13000000000.0,WEST BENGAL,101.78776762055148,False
2020136N10088,Amphan,2020,WEST BENGAL,JALP>IGURI,0.0,0.0,0.0,13000000000.0,WEST BENGAL,530.1278604339735,True
2020136N10088,Amphan,2020,WEST BENGAL,HUGLI,725397588.3555878,0.0,0.0,13000000000.0,WEST BENGAL,75.39291581938575,False
2020136N10088,Amphan,2020,WEST BENGAL,B>NKURA,0.0,0.0,0.0,13000000000.0,WEST BENGAL,143.71238570295617,False
2020136N10088,Amphan,2020,WEST BENGAL,>L|PUR DU>R,0.0,0.0,0.0,13000000000.0,WEST BENGAL,531.4108232831835,True
2020136N10088,Amphan,2020,WEST BENGAL,UTTAR DIN>JPUR,0.0,0.0,0.0,13000000000.0,WEST BENGAL,435.1814205693545,True
2020136N10088,Amphan,2020,WEST BENGAL,PURBA MEDIN|PUR,368775027.7779648,0.0674097427080635,876326655.2048261,13000000000.0,WEST BENGAL,24.500567991857483,False
2020136N10088,Amphan,2020,WEST BENGAL,PURBA BARDDHAM>N,0.0,0.0,0.0,13000000000.0,WEST BENGAL,133.61698212949506,False
2020136N10088,Amphan,2020,WEST BENGAL,NADIA,211505817.4118944,0.0524690581028493,682097755.3370411,13000000000.0,WEST BENGAL,137.1164703868918,False
2020136N10088,Amphan,2020,WEST BENGAL,M>LDAH,0.0,0.0,0.0,13000000000.0,WEST BENGAL,344.46233465100954,True
2020136N10088,Amphan,2020,WEST BENGAL,K>LIMPONG,0.0,0.0,0.0,13000000000.0,WEST BENGAL,573.8657337803619,True
2020136N10088,Amphan,2020,WEST BENGAL,H>ORA,817660771.8309369,0.1115553169654082,1450219120.5503068,13000000000.0,WEST BENGAL,31.539889695985977,False
2020136N10088,Amphan,2020,WEST BENGAL,D>RJILING,0.0,0.0,0.0,13000000000.0,WEST BENGAL,552.6368364021915,True
2020136N10088,Amphan,2020,WEST BENGAL,DAKSHIN DIN>JPUR,0.0,0.0,0.0,13000000000.0,WEST BENGAL,367.0948899014041,True
2020136N10088,Amphan,2020,WEST BENGAL,B|RBH@M,0.0,0.0,0.0,13000000000.0,WEST BENGAL,209.6147590286952,True
2020136N10088,Amphan,2020,WEST BENGAL,P@RBA MEDIN|PUR,0.0,0.0,0.0,13000000000.0,WEST BENGAL,0.5905135421922132,False
2020136N10088,Amphan,2020,WEST BENGAL,KOLK>TA,2915836237.89934,0.1699043324053914,2208756321.270089,13000000000.0,WEST BENGAL,38.354297659871975,False
2019302N11118,Bulbul,2019,WEST BENGAL,MURSHID>B>D,0.0,0.0,0.0,3200000000.0,WEST BENGAL,224.3214942151804,True
2019302N11118,Bulbul,2019,WEST BENGAL,SOUTH 24PARGANAS,80040938.99450126,1.0,3200000000.0,3200000000.0,WEST BENGAL,0.2690935396602534,False
2019302N11118,Bulbul,2019,WEST BENGAL,PURULIYA,0.0,0.0,0.0,3200000000.0,WEST BENGAL,214.5855221456294,True
2019302N11118,Bulbul,2019,WEST BENGAL,PASCHIM MEDIN|PUR,108822.49117986538,0.0,0.0,3200000000.0,WEST BENGAL,68.22017114622233,False
2019302N11118,Bulbul,2019,WEST BENGAL,PASCHIM BARDDHAM>N,0.0,0.0,0.0,3200000000.0,WEST BENGAL,194.27184099778407,True
2019302N11118,Bulbul,2019,WEST BENGAL,NORTH TWENTY-FOUR PARGANAS,0.0,0.0,0.0,3200000000.0,WEST BENGAL,46.03511529320693,False
2019302N11118,Bulbul,2019,WEST BENGAL,KOCH BIH>R,0.0,0.0,0.0,3200000000.0,WEST BENGAL,487.6216168271371,True
2019302N11118,Bulbul,2019,WEST BENGAL,JHARGRAM,0.0,0.0,0.0,3200000000.0,WEST BENGAL,101.78776762055148,False
2019302N11118,Bulbul,2019,WEST BENGAL,JALP>IGURI,0.0,0.0,0.0,3200000000.0,WEST BENGAL,530.1278604339735,True
2019302N11118,Bulbul,2019,WEST BENGAL,HUGLI,0.0,0.0,0.0,3200000000.0,WEST BENGAL,75.39291581938575,False
2019302N11118,Bulbul,2019,WEST BENGAL,B>NKURA,0.0,0.0,0.0,3200000000.0,WEST BENGAL,143.71238570295617,False
2019302N11118,Bulbul,2019,WEST BENGAL,>L|PUR DU>R,0.0,0.0,0.0,3200000000.0,WEST BENGAL,531.4108232831835,True
2019302N11118,Bulbul,2019,WEST BENGAL,UTTAR DIN>JPUR,0.0,0.0,0.0,3200000000.0,WEST BENGAL,435.1814205693545,True
2019302N11118,Bulbul,2019,WEST BENGAL,PURBA MEDIN|PUR,102556650.61532567,0.0,0.0,3200000000.0,WEST BENGAL,24.500567991857483,False
2019302N11118,Bulbul,2019,WEST BENGAL,PURBA BARDDHAM>N,0.0,0.0,0.0,3200000000.0,WEST BENGAL,133.61698212949506,False
2019302N11118,Bulbul,2019,WEST BENGAL,NADIA,0.0,0.0,0.0,3200000000.0,WEST BENGAL,137.1164703868918,False
2019302N11118,Bulbul,2019,WEST BENGAL,M>LDAH,0.0,0.0,0.0,3200000000.0,WEST BENGAL,344.46233465100954,True
2019302N11118,Bulbul,2019,WEST BENGAL,K>LIMPONG,0.0,0.0,0.0,3200000000.0,WEST BENGAL,573.8657337803619,True
2019302N11118,Bulbul,2019,WEST BENGAL,H>ORA,0.0,0.0,0.0,3200000000.0,WEST BENGAL,31.539889695985977,False
2019302N11118,Bulbul,2019,WEST BENGAL,D>RJILING,0.0,0.0,0.0,3200000000.0,WEST BENGAL,552.6368364021915,True
2019302N11118,Bulbul,2019,WEST BENGAL,DAKSHIN DIN>JPUR,0.0,0.0,0.0,3200000000.0,WEST BENGAL,367.0948899014041,True
2019302N11118,Bulbul,2019,WEST BENGAL,B|RBH@M,0.0,0.0,0.0,3200000000.0,WEST BENGAL,209.6147590286952,True
2019302N11118,Bulbul,2019,WEST BENGAL,P@RBA MEDIN|PUR,0.0,0.0,0.0,3200000000.0,WEST BENGAL,0.5905135421922132,False
2019302N11118,Bulbul,2019,WEST BENGAL,KOLK>TA,0.0,0.0,0.0,3200000000.0,WEST BENGAL,38.354297659871975,False
2019116N02090,Fani,2019,ODISHA,KENDRAPARA,250801035.5707721,0.0314833990807797,132230276.13927494,4200000000.0,ODISHA,14.474844399849456,False
2019116N02090,Fani,2019,ODISHA,BHADRAK,103424961.04350008,0.0238027723892106,99971644.03468484,4200000000.0,ODISHA,26.38938371617469,False
2019116N02090,Fani,2019,ODISHA,BARGARH,0.0,0.0,0.0,4200000000.0,ODISHA,271.5784346619866,True
2019116N02090,Fani,2019,ODISHA,KEONJHAR (KENDUJHAR),35103201.087616585,0.0356717946682557,149821537.60667428,4200000000.0,ODISHA,130.90351659667982,False
2019116N02090,Fani,2019,ODISHA,ANUGUL,451472.2095465741,0.0,0.0,4200000000.0,ODISHA,141.85376695382178,False
2019116N02090,Fani,2019,ODISHA,BALANGIR,0.0,0.0,0.0,4200000000.0,ODISHA,246.8214620820152,True
2019116N02090,Fani,2019,ODISHA,BALASORE,242789877.6386144,0.0514939892707763,216274754.9372608,4200000000.0,ODISHA,13.086508332928888,False
2019116N02090,Fani,2019,ODISHA,DHENKANAL,120748254.74030156,0.0400534718186506,168224581.63833266,4200000000.0,ODISHA,111.07697287274816,False
2019116N02090,Fani,2019,ODISHA,JHARSUGUDA,0.0,0.0,0.0,4200000000.0,ODISHA,280.10017268253057,True
2019116N02090,Fani,2019,ODISHA,MAYURBHANJ,23389691.59686716,0.0196860212937755,82681289.43385711,4200000000.0,ODISHA,86.44809082696376,False
2019116N02090,Fani,2019,ODISHA,JAGATSINGHPUR,302274198.79779655,0.0383088828517899,160897307.9775178,4200000000.0,ODISHA,21.05232696807194,False
2019116N02090,Fani,2019,ODISHA,KANDHAMAL,0.0,0.0,0.0,4200000000.0,ODISHA,135.19022862413786,False
2019116N02090,Fani,2019,ODISHA,CUTTACK,2301467145.300868,0.2276845691820003,956275190.5644011,4200000000.0,ODISHA,69.50481177437631,False
2019116N02090,Fani,2019,ODISHA,KORAPUT,0.0,0.0,0.0,4200000000.0,ODISHA,130.75861922679658,False
2019116N02090,Fani,2019,ODISHA,NABARANGAPUR,0.0,0.0,0.0,4200000000.0,ODISHA,227.8294410697052,True
2019116N02090,Fani,2019,ODISHA,PURI,1482756850.8853586,0.0671500365501952,282030153.5108201,4200000000.0,ODISHA,12.94889555846794,False
2019116N02090,Fani,2019,ODISHA,SAMBALPUR,0.0,0.0,0.0,4200000000.0,ODISHA,224.7874045777734,True
2019116N02090,Fani,2019,ODISHA,GAJAPATI,1942667.738839114,0.0015283278817612,6418977.103397142,4200000000.0,ODISHA,56.91589594944436,False
2019116N02090,Fani,2019,ODISHA,GANJAM,417491301.0053485,0.0990320298895019,415934525.5359083,4200000000.0,ODISHA,48.317546098380525,False
2019116N02090,Fani,2019,ODISHA,MALKANGIRI,0.0,0.0,0.0,4200000000.0,ODISHA,133.28716792317672,False
2019116N02090,Fani,2019,ODISHA,KHORDHA,2055008311.1506093,0.2532998872268002,1063859526.3525608,4200000000.0,ODISHA,23.941264936219305,False
2019116N02090,Fani,2019,ODISHA,BOUDH,0.0,0.0,0.0,4200000000.0,ODISHA,157.40570287596813,True
2019116N02090,Fani,2019,ODISHA,DEOGARH,0.0,0.0,0.0,4200000000.0,ODISHA,199.9843980735581,True
2019116N02090,Fani,2019,ODISHA,NUAPARHA,0.0,0.0,0.0,4200000000.0,ODISHA,289.53365518405934,True
2019116N02090,Fani,2019,ODISHA,JAJAPUR,976719868.6468462,0.1031283108876146,433138905.7279813,4200000000.0,ODISHA,77.18877583578268,False
2019116N02090,Fani,2019,ODISHA,SUNDARGARH,0.0,0.0,0.0,4200000000.0,ODISHA,277.9932158320656,True
2019116N02090,Fani,2019,ODISHA,KALAHANDI,0.0,0.0,0.0,4200000000.0,ODISHA,199.0429921531705,True
2019116N02090,Fani,2019,ODISHA,SUBARNAPUR,0.0,0.0,0.0,4200000000.0,ODISHA,209.21418044939333,True
2019116N02090,Fani,2019,ODISHA,RAYAGARHA,0.0,0.0,0.0,4200000000.0,ODISHA,128.70113076972882,False
2019116N02090,Fani,2019,ODISHA,NAYAGARH,13223832.581815006,0.0076765070088876,32241329.4373281,4200000000.0,ODISHA,58.4752445883497,False
2013281N12098,Phailin,2013,ODISHA,KENDRAPARA,0.0,0.0,0.0,4150000000.0,ODISHA,14.474844399849456,False
2013281N12098,Phailin,2013,ODISHA,BHADRAK,0.0,0.0,0.0,4150000000.0,ODISHA,26.38938371617469,False
2013281N12098,Phailin,2013,ODISHA,BARGARH,0.0,0.0,0.0,4150000000.0,ODISHA,271.5784346619866,True
2013281N12098,Phailin,2013,ODISHA,KEONJHAR (KENDUJHAR),0.0,0.0,0.0,4150000000.0,ODISHA,130.90351659667982,False
2013281N12098,Phailin,2013,ODISHA,ANUGUL,2119941.511300925,0.0965574679492967,400713491.9895816,4150000000.0,ODISHA,141.85376695382178,False
2013281N12098,Phailin,2013,ODISHA,BALANGIR,0.0,0.0,0.0,4150000000.0,ODISHA,246.8214620820152,True
2013281N12098,Phailin,2013,ODISHA,BALASORE,0.0,0.0,0.0,4150000000.0,ODISHA,13.086508332928888,False
2013281N12098,Phailin,2013,ODISHA,DHENKANAL,0.0,0.0,0.0,4150000000.0,ODISHA,111.07697287274816,False
2013281N12098,Phailin,2013,ODISHA,JHARSUGUDA,0.0,0.0,0.0,4150000000.0,ODISHA,280.10017268253057,True
2013281N12098,Phailin,2013,ODISHA,MAYURBHANJ,0.0,0.0,0.0,4150000000.0,ODISHA,86.44809082696376,False
2013281N12098,Phailin,2013,ODISHA,JAGATSINGHPUR,0.0,0.0,0.0,4150000000.0,ODISHA,21.05232696807194,False
2013281N12098,Phailin,2013,ODISHA,KANDHAMAL,8254217.1625484945,0.0039545838101631,16411522.812177146,4150000000.0,ODISHA,135.19022862413786,False
2013281N12098,Phailin,2013,ODISHA,CUTTACK,158769.0133368477,0.2078720993170369,862669212.1657033,4150000000.0,ODISHA,69.50481177437631,False
2013281N12098,Phailin,2013,ODISHA,KORAPUT,0.0,0.0,0.0,4150000000.0,ODISHA,130.75861922679658,False
2013281N12098,Phailin,2013,ODISHA,NABARANGAPUR,0.0,0.0,0.0,4150000000.0,ODISHA,227.8294410697052,True
2013281N12098,Phailin,2013,ODISHA,PURI,35455599.800319575,0.0884994477850541,367272708.3079745,4150000000.0,ODISHA,12.94889555846794,False
2013281N12098,Phailin,2013,ODISHA,SAMBALPUR,0.0,0.0,0.0,4150000000.0,ODISHA,224.7874045777734,True
2013281N12098,Phailin,2013,ODISHA,GAJAPATI,1061029.0014574083,0.0027003678720945,11206526.66919256,4150000000.0,ODISHA,56.91589594944436,False
2013281N12098,Phailin,2013,ODISHA,GANJAM,2919298864.488265,0.2287450943349893,949292141.4902056,4150000000.0,ODISHA,48.317546098380525,False
2013281N12098,Phailin,2013,ODISHA,MALKANGIRI,0.0,0.0,0.0,4150000000.0,ODISHA,133.28716792317672,False
2013281N12098,Phailin,2013,ODISHA,KHORDHA,37748375.95303893,0.3572390357574587,1482541998.3934538,4150000000.0,ODISHA,23.941264936219305,False
2013281N12098,Phailin,2013,ODISHA,BOUDH,0.0,0.0,0.0,4150000000.0,ODISHA,157.40570287596813,True
2013281N12098,Phailin,2013,ODISHA,DEOGARH,0.0,0.0,0.0,4150000000.0,ODISHA,199.9843980735581,True
2013281N12098,Phailin,2013,ODISHA,NUAPARHA,0.0,0.0,0.0,4150000000.0,ODISHA,289.53365518405934,True
2013281N12098,Phailin,2013,ODISHA,JAJAPUR,0.0,0.0,0.0,4150000000.0,ODISHA,77.18877583578268,False
2013281N12098,Phailin,2013,ODISHA,SUNDARGARH,0.0,0.0,0.0,4150000000.0,ODISHA,277.9932158320656,True
2013281N12098,Phailin,2013,ODISHA,KALAHANDI,0.0,0.0,0.0,4150000000.0,ODISHA,199.0429921531705,True
2013281N12098,Phailin,2013,ODISHA,SUBARNAPUR,0.0,0.0,0.0,4150000000.0,ODISHA,209.21418044939333,True
2013281N12098,Phailin,2013,ODISHA,RAYAGARHA,0.0,0.0,0.0,4150000000.0,ODISHA,128.70113076972882,False
2013281N12098,Phailin,2013,ODISHA,NAYAGARH,15033208.026902732,0.0144319031739063,59892398.171711326,4150000000.0,ODISHA,58.4752445883497,False
2018281N14088,Titli,2018,ODISHA,KENDRAPARA,0.0,0.0,0.0,920000000.0,ODISHA,14.474844399849456,False
2018281N14088,Titli,2018,ODISHA,BHADRAK,0.0,0.0,0.0,920000000.0,ODISHA,26.38938371617469,False
2018281N14088,Titli,2018,ODISHA,BARGARH,0.0,0.0,0.0,920000000.0,ODISHA,271.5784346619866,True
2018281N14088,Titli,2018,ODISHA,KEONJHAR (KENDUJHAR),0.0,0.0,0.0,920000000.0,ODISHA,130.90351659667982,False
2018281N14088,Titli,2018,ODISHA,ANUGUL,0.0,0.0,0.0,920000000.0,ODISHA,141.85376695382178,False
2018281N14088,Titli,2018,ODISHA,BALANGIR,0.0,0.0,0.0,920000000.0,ODISHA,246.8214620820152,True
2018281N14088,Titli,2018,ODISHA,BALASORE,0.0,0.0,0.0,920000000.0,ODISHA,13.086508332928888,False
2018281N14088,Titli,2018,ODISHA,DHENKANAL,0.0,0.0,0.0,920000000.0,ODISHA,111.07697287274816,False
2018281N14088,Titli,2018,ODISHA,JHARSUGUDA,0.0,0.0,0.0,920000000.0,ODISHA,280.10017268253057,True
2018281N14088,Titli,2018,ODISHA,MAYURBHANJ,0.0,0.0,0.0,920000000.0,ODISHA,86.44809082696376,False
2018281N14088,Titli,2018,ODISHA,JAGATSINGHPUR,0.0,0.0,0.0,920000000.0,ODISHA,21.05232696807194,False
2018281N14088,Titli,2018,ODISHA,KANDHAMAL,319848.82112773746,0.0142677033589452,13126287.090229671,920000000.0,ODISHA,135.19022862413786,False
2018281N14088,Titli,2018,ODISHA,CUTTACK,0.0,0.0,0.0,920000000.0,ODISHA,69.50481177437631,False
2018281N14088,Titli,2018,ODISHA,KORAPUT,85086.61393550644,0.0,0.0,920000000.0,ODISHA,130.75861922679658,False
2018281N14088,Titli,2018,ODISHA,NABARANGAPUR,0.0,0.0,0.0,920000000.0,ODISHA,227.8294410697052,True
2018281N14088,Titli,2018,ODISHA,PURI,56286.60415286841,0.0,0.0,920000000.0,ODISHA,12.94889555846794,False
2018281N14088,Titli,2018,ODISHA,SAMBALPUR,0.0,0.0,0.0,920000000.0,ODISHA,224.7874045777734,True
2018281N14088,Titli,2018,ODISHA,GAJAPATI,14542309.919793865,0.0166582373958897,15325578.404218536,920000000.0,ODISHA,56.91589594944436,False
2018281N14088,Titli,2018,ODISHA,GANJAM,811657607.8257207,0.9284702514944924,854192631.3749331,920000000.0,ODISHA,48.317546098380525,False
2018281N14088,Titli,2018,ODISHA,MALKANGIRI,0.0,0.0,0.0,920000000.0,ODISHA,133.28716792317672,False
2018281N14088,Titli,2018,ODISHA,KHORDHA,1806358.8589009312,0.0,0.0,920000000.0,ODISHA,23.941264936219305,False
2018281N14088,Titli,2018,ODISHA,BOUDH,0.0,0.0,0.0,920000000.0,ODISHA,157.40570287596813,True
2018281N14088,Titli,2018,ODISHA,DEOGARH,0.0,0.0,0.0,920000000.0,ODISHA,199.9843980735581,True
2018281N14088,Titli,2018,ODISHA,NUAPARHA,0.0,0.0,0.0,920000000.0,ODISHA,289.53365518405934,True
2018281N14088,Titli,2018,ODISHA,JAJAPUR,0.0,0.0,0.0,920000000.0,ODISHA,77.18877583578268,False
2018281N14088,Titli,2018,ODISHA,SUNDARGARH,0.0,0.0,0.0,920000000.0,ODISHA,277.9932158320656,True
2018281N14088,Titli,2018,ODISHA,KALAHANDI,0.0,0.0,0.0,920000000.0,ODISHA,199.0429921531705,True
2018281N14088,Titli,2018,ODISHA,SUBARNAPUR,0.0,0.0,0.0,920000000.0,ODISHA,209.21418044939333,True
2018281N14088,Titli,2018,ODISHA,RAYAGARHA,8489251.154793661,0.0406038077506726,37355503.13061885,920000000.0,ODISHA,128.70113076972882,False
2018281N14088,Titli,2018,ODISHA,NAYAGARH,2126.124265770237,0.0,0.0,920000000.0,ODISHA,58.4752445883497,False
2018314N12093,Gaja,2018,TAMIL NADU,ARIYALUR,0.0,0.0,0.0,1600000000.0,TAMIL NADU,63.62057119579406,False
2018314N12093,Gaja,2018,TAMIL NADU,CHENGALPATTU,0.0,0.0,0.0,1600000000.0,TAMIL NADU,19.325784333509223,False
2018314N12093,Gaja,2018,TAMIL NADU,CHENNAI,0.0,0.0,0.0,1600000000.0,TAMIL NADU,5.839643124010018,False
2018314N12093,Gaja,2018,TAMIL NADU,COIMBATORE,0.0,0.0,0.0,1600000000.0,TAMIL NADU,108.39100130541205,False
2018314N12093,Gaja,2018,TAMIL NADU,CUDDALORE,0.0,0.0,0.0,1600000000.0,TAMIL NADU,34.0290741443354,False
2018314N12093,Gaja,2018,TAMIL NADU,DHARMAPURI,0.0,0.0,0.0,1600000000.0,TAMIL NADU,179.62476998661626,True
2018314N12093,Gaja,2018,TAMIL NADU,DINDIGUL,0.0,0.0,0.0,1600000000.0,TAMIL NADU,150.21223962734382,True
2018314N12093,Gaja,2018,TAMIL NADU,ERODE,0.0,0.0,0.0,1600000000.0,TAMIL NADU,173.7002175044597,True
2018314N12093,Gaja,2018,TAMIL NADU,KALLAKKURICHI,0.0,0.0,0.0,1600000000.0,TAMIL NADU,83.48371470022124,False
2018314N12093,Gaja,2018,TAMIL NADU,KANCHIPURAM,0.0,0.0,0.0,1600000000.0,TAMIL NADU,45.57299150332072,False
2018314N12093,Gaja,2018,TAMIL NADU,KANNIYAKUMARI,0.0,0.0,0.0,1600000000.0,TAMIL NADU,18.78620052208621,False
2018314N12093,Gaja,2018,TAMIL NADU,KARUR,0.0,0.0,0.0,1600000000.0,TAMIL NADU,143.96170420098792,False
2018314N12093,Gaja,2018,TAMIL NADU,KRISHNAGIRI,0.0,0.0,0.0,1600000000.0,TAMIL NADU,209.2621366787505,True
2018314N12093,Gaja,2018,TAMIL NADU,MADURAI,0.0,0.0,0.0,1600000000.0,TAMIL NADU,98.5553036045135,False
2018314N12093,Gaja,2018,TAMIL NADU,MAYILADUTHURAI,0.0,0.0,0.0,1600000000.0,TAMIL NADU,13.320733333447928,False
2018314N12093,Gaja,2018,TAMIL NADU,NAGAPATTINAM,7402387.825772587,0.1456182296081608,232989167.37305725,1600000000.0,TAMIL NADU,10.209239249806872,False
2018314N12093,Gaja,2018,TAMIL NADU,NAMAKKAL,0.0,0.0,0.0,1600000000.0,TAMIL NADU,173.9717180304713,True
2018314N12093,Gaja,2018,TAMIL NADU,PERAMBALUR,0.0,0.0,0.0,1600000000.0,TAMIL NADU,100.23741902161902,False
2018314N12093,Gaja,2018,TAMIL NADU,PUDUKKOTTAI,1154848.627168477,0.1136479855226595,181836776.83625528,1600000000.0,TAMIL NADU,44.88464767338112,False
2018314N12093,Gaja,2018,TAMIL NADU,RAMANATHAPURAM,0.0,0.0,0.0,1600000000.0,TAMIL NADU,22.89673354275472,False
2018314N12093,Gaja,2018,TAMIL NADU,RANIPET,0.0,0.0,0.0,1600000000.0,TAMIL NADU,88.3188819996523,False
2018314N12093,Gaja,2018,TAMIL NADU,SALEM,0.0,0.0,0.0,1600000000.0,TAMIL NADU,169.83244123671898,True
2018314N12093,Gaja,2018,TAMIL NADU,SIVAGANGA,0.0,0.0,0.0,1600000000.0,TAMIL NADU,50.05393320338041,False
2018314N12093,Gaja,2018,TAMIL NADU,TENKASI,0.0,0.0,0.0,1600000000.0,TAMIL NADU,83.82630971138578,False
2018314N12093,Gaja,2018,TAMIL NADU,THANJAVUR,10199033.979511157,0.5221613546219209,835458167.3950735,1600000000.0,TAMIL NADU,39.24228886074911,False
2018314N12093,Gaja,2018,TAMIL NADU,THE NILGIRIS,0.0,0.0,0.0,1600000000.0,TAMIL NADU,88.56990328646155,False
2018314N12093,Gaja,2018,TAMIL NADU,THENI,0.0,0.0,0.0,1600000000.0,TAMIL NADU,116.322807331382,False
2018314N12093,Gaja,2018,TAMIL NADU,THIRUVALLUR,0.0,0.0,0.0,1600000000.0,TAMIL NADU,35.30602115486796,False
2018314N12093,Gaja,2018,TAMIL NADU,THIRUVARUR,17418831.618255217,0.2185724302472587,349715888.395614,1600000000.0,TAMIL NADU,34.85096335295899,False
2018314N12093,Gaja,2018,TAMIL NADU,THOOTHUKUDI,0.0,0.0,0.0,1600000000.0,TAMIL NADU,19.491717239414548,False
2018314N12093,Gaja,2018,TAMIL NADU,TIRUCHIRAPPALLI,188114.8389323989,0.0,0.0,1600000000.0,TAMIL NADU,105.89032379890644,False
2018314N12093,Gaja,2018,TAMIL NADU,TIRUNELVELI,0.0,0.0,0.0,1600000000.0,TAMIL NADU,44.502725202798175,False
2018314N12093,Gaja,2018,TAMIL NADU,TIRUPATHUR,0.0,0.0,0.0,1600000000.0,TAMIL NADU,150.25642639306193,True
2018314N12093,Gaja,2018,TAMIL NADU,TIRUPPUR,0.0,0.0,0.0,1600000000.0,TAMIL NADU,151.79180468683495,True
2018314N12093,Gaja,2018,TAMIL NADU,TIRUVANNAMALAI,0.0,0.0,0.0,1600000000.0,TAMIL NADU,90.34720972750073,False
2018314N12093,Gaja,2018,TAMIL NADU,VELLORE,0.0,0.0,0.0,1600000000.0,TAMIL NADU,138.00579379448902,False
2018314N12093,Gaja,2018,TAMIL NADU,VILUPPURAM,0.0,0.0,0.0,1600000000.0,TAMIL NADU,38.384275398640696,False
2018314N12093,Gaja,2018,TAMIL NADU,VIRUDHUNAGAR,0.0,0.0,0.0,1600000000.0,TAMIL NADU,60.74418560108055,False
2021143N15090,Yaas,2021,ODISHA,KENDRAPARA,34911676.468793616,0.1011976397840934,302580942.95443934,2990000000.0,ODISHA,14.474844399849456,False
2021143N15090,Yaas,2021,ODISHA,BHADRAK,90803607.97132993,0.0870345242104349,260233227.3892004,2990000000.0,ODISHA,26.38938371617469,False
2021143N15090,Yaas,2021,ODISHA,BARGARH,0.0,0.0,0.0,2990000000.0,ODISHA,271.5784346619866,True
2021143N15090,Yaas,2021,ODISHA,KEONJHAR (KENDUJHAR),23738402.96088557,0.1494562696432185,446874246.2332233,2990000000.0,ODISHA,130.90351659667982,False
2021143N15090,Yaas,2021,ODISHA,ANUGUL,0.0,0.0,0.0,2990000000.0,ODISHA,141.85376695382178,False
2021143N15090,Yaas,2021,ODISHA,BALANGIR,0.0,0.0,0.0,2990000000.0,ODISHA,246.8214620820152,True
2021143N15090,Yaas,2021,ODISHA,BALASORE,330731543.6362727,0.2438199646515844,729021694.3082373,2990000000.0,ODISHA,13.086508332928888,False
2021143N15090,Yaas,2021,ODISHA,DHENKANAL,1694752.918076767,0.0,0.0,2990000000.0,ODISHA,111.07697287274816,False
2021143N15090,Yaas,2021,ODISHA,JHARSUGUDA,0.0,0.0,0.0,2990000000.0,ODISHA,280.10017268253057,True
2021143N15090,Yaas,2021,ODISHA,MAYURBHANJ,118082591.67573293,0.1004041989005026,300208554.71250284,2990000000.0,ODISHA,86.44809082696376,False
2021143N15090,Yaas,2021,ODISHA,JAGATSINGHPUR,3042810.0035775406,0.0,0.0,2990000000.0,ODISHA,21.05232696807194,False
2021143N15090,Yaas,2021,ODISHA,KANDHAMAL,0.0,0.0,0.0,2990000000.0,ODISHA,135.19022862413786,False
2021143N15090,Yaas,2021,ODISHA,CUTTACK,6892523.956839487,0.0,0.0,2990000000.0,ODISHA,69.50481177437631,False
2021143N15090,Yaas,2021,ODISHA,KORAPUT,0.0,0.0,0.0,2990000000.0,ODISHA,130.75861922679658,False
2021143N15090,Yaas,2021,ODISHA,NABARANGAPUR,0.0,0.0,0.0,2990000000.0,ODISHA,227.8294410697052,True
2021143N15090,Yaas,2021,ODISHA,PURI,0.0,0.0,0.0,2990000000.0,ODISHA,12.94889555846794,False
2021143N15090,Yaas,2021,ODISHA,SAMBALPUR,0.0,0.0,0.0,2990000000.0,ODISHA,224.7874045777734,True
2021143N15090,Yaas,2021,ODISHA,GAJAPATI,0.0,0.0,0.0,2990000000.0,ODISHA,56.91589594944436,False
2021143N15090,Yaas,2021,ODISHA,GANJAM,0.0,0.0,0.0,2990000000.0,ODISHA,48.317546098380525,False
2021143N15090,Yaas,2021,ODISHA,MALKANGIRI,0.0,0.0,0.0,2990000000.0,ODISHA,133.28716792317672,False
2021143N15090,Yaas,2021,ODISHA,KHORDHA,0.0,0.0,0.0,2990000000.0,ODISHA,23.941264936219305,False
2021143N15090,Yaas,2021,ODISHA,BOUDH,0.0,0.0,0.0,2990000000.0,ODISHA,157.40570287596813,True
2021143N15090,Yaas,2021,ODISHA,DEOGARH,0.0,0.0,0.0,2990000000.0,ODISHA,199.9843980735581,True
2021143N15090,Yaas,2021,ODISHA,NUAPARHA,0.0,0.0,0.0,2990000000.0,ODISHA,289.53365518405934,True
2021143N15090,Yaas,2021,ODISHA,JAJAPUR,173161294.13008088,0.3180874028101662,951081334.402397,2990000000.0,ODISHA,77.18877583578268,False
2021143N15090,Yaas,2021,ODISHA,SUNDARGARH,0.0,0.0,0.0,2990000000.0,ODISHA,277.9932158320656,True
2021143N15090,Yaas,2021,ODISHA,KALAHANDI,0.0,0.0,0.0,2990000000.0,ODISHA,199.0429921531705,True
2021143N15090,Yaas,2021,ODISHA,SUBARNAPUR,0.0,0.0,0.0,2990000000.0,ODISHA,209.21418044939333,True
2021143N15090,Yaas,2021,ODISHA,RAYAGARHA,0.0,0.0,0.0,2990000000.0,ODISHA,128.70113076972882,False
2021143N15090,Yaas,2021,ODISHA,NAYAGARH,0.0,0.0,0.0,2990000000.0,ODISHA,58.4752445883497,False
2020153N13072,Nisarga,2020,MAHARASHTRA,AHMEDNAGAR,0.0,0.0,0.0,600000000.0,MAHARASHTRA,176.83995831307857,True
2020153N13072,Nisarga,2020,MAHARASHTRA,BEED,0.0,0.0,0.0,600000000.0,MAHARASHTRA,305.51546655420333,True
2020153N13072,Nisarga,2020,MAHARASHTRA,BHANDARA,0.0,0.0,0.0,600000000.0,MAHARASHTRA,549.7128106426687,True
2020153N13072,Nisarga,2020,MAHARASHTRA,CHANDRAPUR,0.0,0.0,0.0,600000000.0,MAHARASHTRA,480.13408896396993,True
2020153N13072,Nisarga,2020,MAHARASHTRA,DHULE,0.0,0.0,0.0,600000000.0,MAHARASHTRA,180.9534078146131,True
2020153N13072,Nisarga,2020,MAHARASHTRA,GADCHIROLI,0.0,0.0,0.0,600000000.0,MAHARASHTRA,392.7879611795457,True
2020153N13072,Nisarga,2020,MAHARASHTRA,GONDIA,0.0,0.0,0.0,600000000.0,MAHARASHTRA,523.987372829675,True
2020153N13072,Nisarga,2020,MAHARASHTRA,HINGOLI,0.0,0.0,0.0,600000000.0,MAHARASHTRA,451.2712987428394,True
2020153N13072,Nisarga,2020,MAHARASHTRA,JALGAON,0.0,0.0,0.0,600000000.0,MAHARASHTRA,279.1259004156319,True
2020153N13072,Nisarga,2020,MAHARASHTRA,KOLHAPUR,0.0,0.0,0.0,600000000.0,MAHARASHTRA,68.95635031125273,False
2020153N13072,Nisarga,2020,MAHARASHTRA,LATUR,0.0,0.0,0.0,600000000.0,MAHARASHTRA,400.5305922846283,True
2020153N13072,Nisarga,2020,MAHARASHTRA,MUMBAI,0.0,0.0,0.0,600000000.0,MAHARASHTRA,2.1236807710691057,False
2020153N13072,Nisarga,2020,MAHARASHTRA,NAGPUR,0.0,0.0,0.0,600000000.0,MAHARASHTRA,601.9531585175489,True
2020153N13072,Nisarga,2020,MAHARASHTRA,NANDED,0.0,0.0,0.0,600000000.0,MAHARASHTRA,496.1493515042273,True
2020153N13072,Nisarga,2020,MAHARASHTRA,NASHIK,0.0,0.0,0.0,600000000.0,MAHARASHTRA,129.061167558101,False
2020153N13072,Nisarga,2020,MAHARASHTRA,NANDURBAR,0.0,0.0,0.0,600000000.0,MAHARASHTRA,135.8716595365645,False
2020153N13072,Nisarga,2020,MAHARASHTRA,PALGHAR,0.0,0.0,0.0,600000000.0,MAHARASHTRA,29.283883892566784,False
2020153N13072,Nisarga,2020,MAHARASHTRA,PUNE,44628.64431509768,0.0,0.0,600000000.0,MAHARASHTRA,109.20995130295884,False
2020153N13072,Nisarga,2020,MAHARASHTRA,RAIGARH,5467893.863336373,0.9644640454312754,578678427.2587652,600000000.0,MAHARASHTRA,23.919489899908164,False
2020153N13072,Nisarga,2020,MAHARASHTRA,RATNAGIRI,1988755.451351833,0.0355359545687246,21321572.741234787,600000000.0,MAHARASHTRA,15.417288544155385,False
2020153N13072,Nisarga,2020,MAHARASHTRA,SANGLI,0.0,0.0,0.0,600000000.0,MAHARASHTRA,153.34181322038535,True
2020153N13072,Nisarga,2020,MAHARASHTRA,SATARA,5882.497864068213,0.0,0.0,600000000.0,MAHARASHTRA,102.2701727252104,False
2020153N13072,Nisarga,2020,MAHARASHTRA,SINDHUDURG,0.0,0.0,0.0,600000000.0,MAHARASHTRA,22.00009675745276,False
2020153N13072,Nisarga,2020,MAHARASHTRA,SOLAPUR,0.0,0.0,0.0,600000000.0,MAHARASHTRA,248.82080199204827,True
2020153N13072,Nisarga,2020,MAHARASHTRA,MUMBAI SUBURBAN,0.0,0.0,0.0,600000000.0,MAHARASHTRA,5.174714274297897,False
2020153N13072,Nisarga,2020,MAHARASHTRA,THANE,0.0,0.0,0.0,600000000.0,MAHARASHTRA,40.47061423994841,False
2020153N13072,Nisarga,2020,MAHARASHTRA,DHARASHIV,0.0,0.0,0.0,600000000.0,MAHARASHTRA,317.14167275205205,True
2020153N13072,Nisarga,2020,MAHARASHTRA,WASHIM,0.0,0.0,0.0,600000000.0,MAHARASHTRA,474.9634571613697,True
2020153N13072,Nisarga,2020,MAHARASHTRA,WARDHA,0.0,0.0,0.0,600000000.0,MAHARASHTRA,602.7180427810301,True
2020153N13072,Nisarga,2020,MAHARASHTRA,YAVATMAL,0.0,0.0,0.0,600000000.0,MAHARASHTRA,558.8696568492054,True
2020153N13072,Nisarga,2020,MAHARASHTRA,AKOLA,0.0,0.0,0.0,600000000.0,MAHARASHTRA,453.3125644830788,True
2020153N13072,Nisarga,2020,MAHARASHTRA,AMRAVATI,0.0,0.0,0.0,600000000.0,MAHARASHTRA,511.4275402157478,True
2020153N13072,Nisarga,2020,MAHARASHTRA,BULDHANA,0.0,0.0,0.0,600000000.0,MAHARASHTRA,382.05644947603867,True
2020153N13072,Nisarga,2020,MAHARASHTRA,PARBHANI,0.0,0.0,0.0,600000000.0,MAHARASHTRA,401.08166267871866,True
2020153N13072,Nisarga,2020,MAHARASHTRA,JALNA,0.0,0.0,0.0,600000000.0,MAHARASHTRA,333.46713076969417,True
2020153N13072,Nisarga,2020,MAHARASHTRA,CHHATRAPATI SAMBHAJINAGAR,0.0,0.0,0.0,600000000.0,MAHARASHTRA,266.2250331008451,True
2021133N10071,Tauktae,2021,GUJARAT,AHMADABAD,0.0,0.0,0.0,1000000000.0,GUJARAT,40.036378495750114,False
2021133N10071,Tauktae,2021,GUJARAT,AMRELI,155157118.70786715,0.118921178340995,118921178.34099507,1000000000.0,GUJARAT,58.31223773622317,False
2021133N10071,Tauktae,2021,GUJARAT,ANAND,0.0,0.0,0.0,1000000000.0,GUJARAT,19.86177124414368,False
2021133N10071,Tauktae,2021,GUJARAT,ARVALLI,0.0,0.0,0.0,1000000000.0,GUJARAT,145.3105133746674,False
2021133N10071,Tauktae,2021,GUJARAT,BANAS KANTHA,0.0,0.0,0.0,1000000000.0,GUJARAT,192.60231730105235,True
2021133N10071,Tauktae,2021,GUJARAT,BHARUCH,0.0,0.0,0.0,1000000000.0,GUJARAT,11.617133002089112,False
2021133N10071,Tauktae,2021,GUJARAT,BHAVNAGAR,33008607.34569428,0.3450817733138545,345081773.3138545,1000000000.0,GUJARAT,28.32009448395735,False
2021133N10071,Tauktae,2021,GUJARAT,BOTAD,827855.1105202758,0.0,0.0,1000000000.0,GUJARAT,42.94068477536027,False
2021133N10071,Tauktae,2021,GUJARAT,CHHOTAUDEPUR,0.0,0.0,0.0,1000000000.0,GUJARAT,101.7327319020678,False
2021133N10071,Tauktae,2021,GUJARAT,DAHOD,0.0,0.0,0.0,1000000000.0,GUJARAT,145.26531383230048,False
2021133N10071,Tauktae,2021,GUJARAT,DANGS,0.0,0.0,0.0,1000000000.0,GUJARAT,80.19872422288564,False
2021133N10071,Tauktae,2021,GUJARAT,DEVBHUMI DWARKA,0.0,0.0,0.0,1000000000.0,GUJARAT,18.949206740151507,False
2021133N10071,Tauktae,2021,GUJARAT,GANDHINAGAR,0.0,0.0,0.0,1000000000.0,GUJARAT,106.766214271189,False
2021133N10071,Tauktae,2021,GUJARAT,GIR SOMNATH,218235303.67639515,0.3512420866072362,351242086.6072362,1000000000.0,GUJARAT,17.749941688007258,False
2021133N10071,Tauktae,2021,GUJARAT,JAMNAGAR,0.0,0.0,0.0,1000000000.0,GUJARAT,29.04910196781939,False
2021133N10071,Tauktae,2021,GUJARAT,JUNAGADH,25901349.97837914,0.1847549617379142,184754961.73791423,1000000000.0,GUJARAT,48.00859439837737,False
2021133N10071,Tauktae,2021,GUJARAT,KACHCHH,0.0,0.0,0.0,1000000000.0,GUJARAT,66.97537238651712,False
2021133N10071,Tauktae,2021,GUJARAT,KHEDA,0.0,0.0,0.0,1000000000.0,GUJARAT,62.73780709264911,False
2021133N10071,Tauktae,2021,GUJARAT,MAHESANA,0.0,0.0,0.0,1000000000.0,GUJARAT,142.94841758171097,False
2021133N10071,Tauktae,2021,GUJARAT,MAHISAGAR,0.0,0.0,0.0,1000000000.0,GUJARAT,131.20698571900778,False
2021133N10071,Tauktae,2021,GUJARAT,MORBI,0.0,0.0,0.0,1000000000.0,GUJARAT,39.98730504574837,False
2021133N10071,Tauktae,2021,GUJARAT,NARMADA,0.0,0.0,0.0,1000000000.0,GUJARAT,71.31027998830821,False
2021133N10071,Tauktae,2021,GUJARAT,NAVSARI,0.0,0.0,0.0,1000000000.0,GUJARAT,13.117158710806216,False
2021133N10071,Tauktae,2021,GUJARAT,PANCH MAHALS,0.0,0.0,0.0,1000000000.0,GUJARAT,89.88585771067922,False
2021133N10071,Tauktae,2021,GUJARAT,PATAN,0.0,0.0,0.0,1000000000.0,GUJARAT,130.99351023054055,False
2021133N10071,Tauktae,2021,GUJARAT,PORBANDAR,0.0,0.0,0.0,1000000000.0,GUJARAT,15.475525267029344,False
2021133N10071,Tauktae,2021,GUJARAT,RAJKOT,1733464.443105527,0.0,0.0,1000000000.0,GUJARAT,88.72605868307322,False
2021133N10071,Tauktae,2021,GUJARAT,SABAR KANTHA,0.0,0.0,0.0,1000000000.0,GUJARAT,180.3671651188523,True
2021133N10071,Tauktae,2021,GUJARAT,SURAT,0.0,0.0,0.0,1000000000.0,GUJARAT,30.07362055044102,False
2021133N10071,Tauktae,2021,GUJARAT,SURENDRANAGAR,0.0,0.0,0.0,1000000000.0,GUJARAT,92.0953653754795,False
2021133N10071,Tauktae,2021,GUJARAT,TAPI,0.0,0.0,0.0,1000000000.0,GUJARAT,76.20118858972153,False
2021133N10071,Tauktae,2021,GUJARAT,VADODARA,0.0,0.0,0.0,1000000000.0,GUJARAT,31.04019692983528,False
2021133N10071,Tauktae,2021,GUJARAT,VALSAD,0.0,0.0,0.0,1000000000.0,GUJARAT,23.657785399119472,False
2014279N11096,Hudhud,2014,ANDHRA PRADESH,ALLURI SITHARAMA RAJU,15305244.795194536,0.0044046995290489485,15416448.35167132,3500000000.0,ANDHRA PRADESH,81.62386769276834,False
2014279N11096,Hudhud,2014,ANDHRA PRADESH,ANAKAPALLI,3192255823.853364,0.20558295708264168,719540349.7892458,3500000000.0,ANDHRA PRADESH,27.247281409564202,False
2014279N11096,Hudhud,2014,ANDHRA PRADESH,ANANTHAPURAMU,0.0,0.0,0.0,3500000000.0,ANDHRA PRADESH,294.7578857067431,True
2014279N11096,Hudhud,2014,ANDHRA PRADESH,ANNAMAYYA,0.0,0.0,0.0,3500000000.0,ANDHRA PRADESH,134.18571056899572,False
2014279N11096,Hudhud,2014,ANDHRA PRADESH,BAPATLA,0.0,0.0,0.0,3500000000.0,ANDHRA PRADESH,16.846940282516805,False
2014279N11096,Hudhud,2014,ANDHRA PRADESH,CHITTOOR,0.0,0.0,0.0,3500000000.0,ANDHRA PRADESH,133.50804998406028,False
2014279N11096,Hudhud,2014,ANDHRA PRADESH,DR.B.R.AMBEDKAR KONASEEMA,0.0,0.0,0.0,3500000000.0,ANDHRA PRADESH,22.6107058543029,False
2014279N11096,Hudhud,2014,ANDHRA PRADESH,EAST GODAVARI,0.0,0.0,0.0,3500000000.0,ANDHRA PRADESH,59.33083144037604,False
2014279N11096,Hudhud,2014,ANDHRA PRADESH,ELURU,0.0,0.0,0.0,3500000000.0,ANDHRA PRADESH,72.69882640287939,False
2014279N11096,Hudhud,2014,ANDHRA PRADESH,GUNTUR,0.0,0.0,0.0,3500000000.0,ANDHRA PRADESH,49.208442488521186,False
2014279N11096,Hudhud,2014,ANDHRA PRADESH,KAKINADA,22405335.33000667,0.14765594939869567,516795822.89543486,3500000000.0,ANDHRA PRADESH,13.561250832171007,False
2014279N11096,Hudhud,2014,ANDHRA PRADESH,KRISHNA,0.0,0.0,0.0,3500000000.0,ANDHRA PRADESH,25.289487671772957,False
2014279N11096,Hudhud,2014,ANDHRA PRADESH,KURNOOL,0.0,0.0,0.0,3500000000.0,ANDHRA PRADESH,279.63598530872343,True
2014279N11096,Hudhud,2014,ANDHRA PRADESH,NANDYAL,0.0,0.0,0.0,3500000000.0,ANDHRA PRADESH,185.44360555379978,True
2014279N11096,Hudhud,2014,ANDHRA PRADESH,NTR,0.0,0.0,0.0,3500000000.0,ANDHRA PRADESH,104.01130369914425,False
2014279N11096,Hudhud,2014,ANDHRA PRADESH,PALNADU,0.0,0.0,0.0,3500000000.0,ANDHRA PRADESH,92.58274846421028,False
2014279N11096,Hudhud,2014,ANDHRA PRADESH,PARVATHIPURAM MANYAM,6742439.024951282,0.004818723581852181,16865532.536482632,3500000000.0,ANDHRA PRADESH,72.28227921642439,False
2014279N11096,Hudhud,2014,ANDHRA PRADESH,PRAKASAM,0.0,0.0,0.0,3500000000.0,ANDHRA PRADESH,80.86699630192994,False
2014279N11096,Hudhud,2014,ANDHRA PRADESH,SRI POTTI SRIRAMULU NELLORE,0.0,0.0,0.0,3500000000.0,ANDHRA PRADESH,45.41306772681656,False
2014279N11096,Hudhud,2014,ANDHRA PRADESH,SRI SATHYA SAI,0.0,0.0,0.0,3500000000.0,ANDHRA PRADESH,255.41912058370164,True
2014279N11096,Hudhud,2014,ANDHRA PRADESH,SRIKAKULAM,151185208.2951818,0.059898616292714084,209645157.0244993,3500000000.0,ANDHRA PRADESH,18.546659607117917,False
2014279N11096,Hudhud,2014,ANDHRA PRADESH,TIRUPATI,0.0,0.0,0.0,3500000000.0,ANDHRA PRADESH,34.91007532719435,False
2014279N11096,Hudhud,2014,ANDHRA PRADESH,VISAKHAPATNAM,8490362752.690896,0.49488203379927004,1732087118.297445,3500000000.0,ANDHRA PRADESH,10.484203800832423,False
2014279N11096,Hudhud,2014,ANDHRA PRADESH,VIZIANAGARAM,1018393921.711925,0.0827570203157775,289649571.1052213,3500000000.0,ANDHRA PRADESH,34.094427443445944,False
2014279N11096,Hudhud,2014,ANDHRA PRADESH,WEST GODAVARI,0.0,0.0,0.0,3500000000.0,ANDHRA PRADESH,25.004967396412784,False
2014279N11096,Hudhud,2014,ANDHRA PRADESH,YSR KADAPA,0.0,0.0,0.0,3500000000.0,ANDHRA PRADESH,157.40821486997135,True
