District,Wealth
>L|PUR DU>R,2121085124.2082324
>NJ>W,1840052.2622539676
ADILABAD,1077165021.4610288
AGAR MALWA,561680813.914861
AGRA,42250342267.537575
AHMADABAD,141737164171.67743
AHMEDNAGAR,21270572168.492813
AIZAWL,833420422.6179737
AJMER,8936887318.21029
AKOLA,4303149144.619786
ALIGARH,24252504902.73485
ALIRAJPUR,407145603.2577995
ALLURI SITHARAMA RAJU,258874885.55430818
ALMORA,365509373.9650172
ALWAR,8148566852.987679
AMBALA,8757782458.817186
AMBEDKAR NAGAR,13677194008.268068
AMETHI,9253836563.560041
AMRAVATI,7544572471.993021
AMRELI,1546923823.9024475
AMRITSAR,22195616313.762287
AMROHA,14515122058.306633
ANAKAPALLI,11752990445.275904
ANAND,16031271171.272734
ANANTHAPURAMU,4334393917.412997
ANANTNAG,1126950061.5051692
ANNAMAYYA,1555300554.6627114
ANOOPGARH,200865147.95236453
ANUGUL,8601973110.323631
ANUPPUR,1902282482.320441
ARARIA,10268151213.162458
ARIYALUR,1354579130.495457
ARVALLI,908605239.7115563
ARWAL,4307747644.147481
ASHOKNAGAR,974213186.2606783
AURAIYA,8350014219.472704
AURANGABAD,14142659859.162598
AYODHYA,17694606919.31044
AZAMGARH,31827701510.587585
Alappuzha,2750994804.6845813
B,3494368950.8338284
B>GESHWAR,93224254.30781375
B>NKURA,13946985344.536789
BADGAM,2683520968.459426
BAGHPAT,10397348483.233553
BAHRAICH,6088313821.489382
BAJALI,230821379.82762983
BAKSA,314770856.2187195
BALAGHAT,987059358.1169697
BALANGIR,2415476197.1641498
BALASORE,7367471542.754633
BALLIA,22594250885.023964
BALOD,958364572.4920728
BALODA BAZAR,7683697811.61884
BALOTRA,366255559.2268919
BALRAMPUR,3783750439.8123517
BANAS KANTHA,2899543591.2267537
BANDA,2310452309.383438
BANDIPURA,406115025.64985746
BANKA,8595925837.196547
BANSWARA,1757235381.5257037
BAPATLA,5932736336.658325
BARA BANKI,13640197893.953072
BARAMULA,2570727028.551486
BARAN,4379691399.459128
BAREILLY,25498509967.361706
BARGARH,3663176199.0522337
BARMER,975245239.8467956
BARNALA,2484946205.8419147
BARPETA,1047102407.8265054
BARWANI,1526344519.0569692
BASTAR,652846508.333701
BASTI,12063952803.646255
BATHINDA,7203752336.024595
BEAWAR,2667876909.847047
BEED,5230009820.124929
BEGUSARAI,22174947696.77138
BEMETARA,3937358152.0955076
BETUL,1126283387.059502
BHADOHI,15659377845.630056
BHADRADRI KOTHAGUDEM,1964790568.3273878
BHADRAK,3047287842.6368074
BHAGALPUR,19164650186.69987
BHANDARA,1549900634.671221
BHARATPUR,4070369945.307103
BHARUCH,8589993994.35007
BHAVNAGAR,5521555056.20349
BHILWARA,5038839427.042318
BHIND,3028571177.730149
BHIWANI,1227142603.3994622
BHOJPUR,19539418101.721146
BHOPAL,24083060264.86103
BICHOM,1593121.9605337544
BIJAPUR,45523946.251454346
BIJNOR,17473191563.272404
BIKANER,2635702969.0856223
BIL>SPUR,484999751.84383774
BILASPUR,16598675603.292864
BISHNUPUR,302611348.935011
BISWANATH,338760645.58775675
BOKARO,21687289151.359436
BONGAIGAON,1483588557.0705612
BOTAD,749201285.8300595
BOUDH,185063459.01612148
BUDAUN,4660671840.998347
BULANDSHAHR,24247774507.882423
BULDHANA,3929044251.3382115
BUNDI,2461309963.904722
BURHANPUR,798842099.1535591
BUXAR,7544370646.419011
B\dar,3769227105.250048
Ball,6250664688.080195
Belag,10641793647.423592
Bengal#ru (Rural),18879676768.646324
Bengal#ru (Urban),237636513448.8427
B|RBH@M,18601651368.02979
CACHAR,1690509341.186151
CENTRAL,44527493826.392235
CH>NGL>NG,42375888.40429191
CHAMBA,278338264.925899
CHAMOLI,243931159.62291285
CHAMP>WAT,151124924.2124594
CHAMPHAI,7682293.771519055
CHANDAULI,15862832556.71147
CHANDEL,41917370.91571985
CHANDIGARH,16370105111.656506
CHANDRAPUR,4239146670.9882274
CHARAIDEO,648438315.5100286
CHARKI DADRI,559613805.9684644
CHATRA,1517578149.6960056
CHENGALPATTU,39386599329.675934
CHENNAI,122987239087.45511
CHHATARPUR,4379038092.806092
CHHATRAPATI SAMBHAJINAGAR,14156459367.88755
CHHINDWARA,3040319249.278513
CHHOTAUDEPUR,787466175.5368406
CHIRANG,992506870.4142365
CHITRAKOOT,1363164113.0698543
CHITTAURGARH,4734843964.107629
CHITTOOR,3637853982.949142
CHUMOUKEDIMA,1207569342.9449525
CHURACHANDPUR,210749516.2172532
CHURU,655209020.538433
COIMBATORE,26271152784.08894
CUDDALORE,13171943679.29813
CUTTACK,22430305580.749844
Ch,1148158488.6418083
Chikkaball,2982541624.664422
Chikkamagal#ru,733803174.9622077
Chitradurga,2322886182.6079826
D,3589886062.3091464
D>RJILING,5460614448.726757
DADRA AND NAGAR HAVELI,6037359687.808271
DAHOD,4348745387.838535
DAKSHIN BASTAR DANTEWARA,271303216.5629003
DAKSHIN DIN>JPUR,2544862054.6233697
DAMAN,1740332861.8914227
DAMOH,3094425012.167568
DANGS,51397542.91002014
DARANG,2834316361.431895
DARBHANGA,25325403222.804836
DATIA,2248078483.7622476
DAUSA,9908971372.108389
DEEG,1351700926.0424857
DEHRAD@N,13985756576.408165
DEOGARH,109651817.08854264
DEOGHAR,9799789403.50075
DEORIA,14069886945.573738
DEVBHUMI DWARKA,1310177876.9628515
DEWAS,4299088030.062436
DHALAI,268843753.8769377
DHAMTARI,1581374158.8576026
DHANBAD,47770757984.47436
DHAR,3924187585.4597907
DHARASHIV,2404557454.2478647
DHARMAPURI,1828373457.6217933
DHAULPUR,1921161761.7223778
DHEMAJI,160996393.72307935
DHENKANAL,5248040955.040617
DHUBRI,2147224952.4899037
DHULE,3100580741.862806
DIB>NG VALLEY,802547.0938203813
DIBRUGARH,5287441882.133546
DIDWANA-KUCHAMAN,1735326022.7928705
DIMA HASAO,84584461.83432475
DIMAPUR,1192173836.4934485
DINDIGUL,3617897519.910518
DINDORI,235082261.12445006
DIU,255187983.9790935
DODA,136621759.48151517
DR.B.R.AMBEDKAR KONASEEMA,9279270355.447897
DUDU,530220305.31299454
DUMKA,1572407644.7314472
DUNGARPUR,898973031.0633563
DURG,19811318576.651726
Dakshina Kannada,10374456535.811258
Dh,5883345575.660998
EAST,10061509742.147388
EAST G>RO HILLS,70535646.23393576
EAST GODAVARI,12719083866.175293
EAST JAINTIA HILLS,144116757.09764093
EAST KAMENG,9829440.537947716
EAST KH>SI HILLS,4632742682.94066
EAST SIANG,29215094.46316661
EAST SINGHBHUM,18391558445.770332
EASTERN WEST KHASI HILLS,26213445.508630656
ELURU,3760651571.1530213
ERODE,8605249539.537134
ETAH,3117475205.0821056
ETAWAH,17313848397.815567
Ernakulam,15763570265.003975
FARIDABAD,41359058304.55953
FARIDKOT,1889328982.3396187
FARRUKHABAD,3481229107.335338
FATEHABAD,1384199572.56501
FATEHGARH SAHIB,2817398430.490826
FATEHPUR,6900266352.328824
FAZILKA,2433172787.168014
FIROZABAD,11945359386.740211
FIROZPUR,3409745702.045038
GADCHIROLI,480252115.86282676
GAJAPATI,242823078.25538296
GANDERBAL,2854862140.014046
GANDHINAGAR,12196271337.961744
GANGANAGAR,1016099143.6834024
GANGAPURCITY,3854729856.930274
GANGTOK,304129984.4553589
GANJAM,13192347030.251627
GARHWA,1297135667.803161
GARIYABAND,1129008244.4193623
GAURELA-PENDRA-MARWAHI,424940963.94822574
GAUTAM BUDDHA NAGAR,45521581956.61646
GAYA,43800027197.133
GHAZIABAD,70433699585.63423
GHAZIPUR,26804138696.48281
GIR SOMNATH,5656688476.510199
GIRIDIH,6385168880.850635
GOALPARA,2990891156.5389028
GODDA,3011073460.663753
GOLAGHAT,1389021435.2325144
GOMTI,1558877415.5459628
GONDA,11603083487.72727
GONDIA,2136458886.9380703
GOPALGANJ,9160751881.053106
GORAKHPUR,40087553130.3679
GUMLA,385673526.9956686
GUNA,2305658487.321939
GUNTUR,23552148585.25046
GURDASPUR,5564426967.278112
GURUGRAM,36553661669.861984
GWALIOR,8556586253.48426
GYALSHING,18647240.68593394
Gadag,1680985474.1214745
H,4688731627.291326
H>ORA,73624988261.11943
HAILAKANDI,289457098.35760224
HAMIRPUR,982350581.7340091
HAM|RPUR,284270487.67312676
HANUMAKONDA,7065431900.351499
HANUMANGARH,944076842.0473938
HAPUR,20080131617.930786
HARDA,608899328.2670159
HARDOI,3833706009.3305097
HARIDW>R,19472679036.34196
HATHRAS,6714965213.310307
HAZARIBAGH,10426535646.564552
HINGOLI,1375080645.7719102
HISAR,3373849238.023532
HNAHTHIAL,2222922.228340097
HOJAI,1840908813.263525
HOSHIARPUR,3168737060.2965517
HUGLI,55721883062.595085
HYDERABAD,70339541449.96204
IMPHAL EAST,3089627058.36773
IMPHAL WEST,4674125887.023975
INDORE,38353238212.93193
Idukki,169391387.65278286
JABALPUR,14508072447.188574
JAGATSINGHPUR,3874650472.8015227
JAGTIAL,2790307119.363805
JAHANABAD,16761787558.102161
JAIPUR,32335123558.08001
JAIPUR(GRAMIN),67979022488.9688
JAISALMER,146198396.75274006
JAJAPUR,11869643915.408293
JALANDHAR,14626363614.254093
JALAUN,2992458423.3444624
JALGAON,9920369738.151402
JALNA,3467673169.6699114
JALOR,506465449.62868214
JALP>IGURI,7814991461.240293
JAMMU,16410347756.852432
JAMNAGAR,6580911572.268116
JAMTARA,2771418681.631491
JAMUI,2412067795.6677666
JANGOAN,937888306.9480699
JANJGIR - CHAMPA,6486269502.782767
JASHPUR,400449700.2403848
JAUNPUR,19576625976.137695
JAYASHANKAR BHUPALPALLI,664250602.3920946
JHABUA,1265828233.2133675
JHAJJAR,5585922809.2096405
JHALAWAR,4470448483.43904
JHANSI,8628021631.050236
JHARGRAM,1173653504.3495667
JHARSUGUDA,6035244263.973726
JHUNJHUNUN,2287815545.943302
JIND,4483027299.240678
JIRIBAM,7147112.901769467
JODHPUR,2942536186.586414
JODHPUR GRAMIN,8786253999.817848
JOGULAMBA GADWAL,2104462657.0704353
JORHAT,1437777772.3400726
JUNAGADH,2706836878.5901585
K>LIMPONG,104617616.28654289
K>NGRA,1858876274.210853
KACHCHH,6203174080.965139
KAIMUR,6871978048.355903
KAITHAL,4350947805.371629
KAKCHING,53700160.44644628
KAKINADA,12205677386.933641
KALAHANDI,1044972842.768943
KALLAKKURICHI,2516442856.829782
KAMAREDDY,1845111615.8001041
KAMJANG,9222981.10889237
KAMLE,11293847.117776943
KAMRUP METRO,16555485184.688705
KAMRUP RURAL,3485109837.083725
KANCHIPURAM,19643883792.713844
KANDHAMAL,276501172.91453
KANGPOKPI,148875974.35559312
KANNAUJ,4353073353.13049
KANNIYAKUMARI,8653258167.80096
KANPUR DEHAT,4138868726.0938582
KANPUR NAGAR,32821564082.944427
KAPURTHALA,3704956097.1657543
KARAIKAL,1609101335.3597734
KARAULI,5890332522.835406
KARBI ANGLONG,783348977.7361946
KARGIL,18831353.03475208
KARIMGANJ,493998264.42637384
KARIMNAGAR,5148235583.988099
KARNAL,9339887653.170347
KARUR,3205301791.8292637
KASGANJ,3771371222.244721
KATHUA,2977849362.1050963
KATIHAR,8030840051.881671
KATNI,4370408568.481976
KAUSHAMBI,8565498387.711354
KAWARDHA (KABIRDHAM),3926866433.2847295
KEKRI,477156364.6983882
KENDRAPARA,3701575761.4703555
KEONJHAR (KENDUJHAR),5359780905.493421
KEYI PANYOR,9411217.463249132
KHAGARIA,4315548564.435799
KHAIRGARH-CHHUIKHADAN-GANDAI,436456970.45000404
KHAIRTHAL-TIJARA,3906960920.626366
KHAMMAM,3316899633.780216
KHANDWA,1392712837.5493994
KHARGONE,2208190360.967943
KHAWZAWL,3827634.839462358
KHEDA,9370665038.431416
KHERI,6929413379.4148655
KHORDHA,28945995325.53834
KHOWAI,998183306.0039485
KHUNTI,347544685.4938602
KINNAUR,24477009.97843377
KIPHIRE,10183232.702940153
KISHANGANJ,4281481257.9600463
KISHTWAR,50923071.04565318
KOCH BIH>R,5764285064.91138
KODERMA,3573187901.0343328
KOHIMA,411867174.34860706
KOKRAJHAR,1299105857.81264
KOLASIB,33469012.23830325
KOLHAPUR,15482961208.69127
KOLK>TA,106009119924.89975
KOMARRAM BHEEM,390656665.96334034
KONDAGAON,116520129.79227442
KORAPUT,1823416607.7237291
KORBA,6431224366.005149
KOREA,633248020.5733932
KOTA,11865254509.16313
KOTPUTLI-BEHROR,7233315459.91581
KRA DAADI,9320165.877406161
KRISHNA,7671030199.583653
KRISHNAGIRI,7643338306.607453
KULGAM,353802198.96986306
KULLU,165603468.65697682
KUPWARA,350053166.9314471
KURNOOL,4870619527.237831
KURUKSHETRA,4546832059.9472
KURUNG KUMEY,9244553.262625176
KUSHINAGAR,13780843418.233553
Kalaburagi,5990000316.97554
Kannur,1963269539.5869143
Kasaragod,558169434.0630962
Kodagu,153502863.7044739
Kol,6254397041.923567
Kollam,4295166517.181294
Koppal,3352686372.6632977
Kottayam,1472034949.8953264
Kozhikode,2283122278.2453737
LAHUL & SPITI,2985482.0991032636
LAKHIMPUR,269585520.5826264
LAKHISARAI,4265258783.5668125
LALITPUR,1759915239.1402807
LATEHAR,549403371.5372978
LATUR,5297394220.061274
LAWNGTLAI,12548741.624473153
LEH,15728889.031510564
LEPA RADA,10330758.073436216
LOHARDAGA,1242907404.2828012
LOHIT,4779520.009652701
LONGDING,5720082.454439572
LONGLENG,9071447.979933202
LOWER DIB>NG VALLEY,7383760.07378861
LOWER SIANG,3439284.518347183
LOWER SUBANSIRI,21527928.81748226
LUCKNOW,75916300801.9274
LUDHIANA,28895439158.33073
LUNGLEI,18706838.725387156
M>LDAH,14138962881.384672
MADHEPURA,16247689674.09984
MADHUBANI,23853005368.92715
MADURAI,20024019998.990845
MAHABUBABAD,1110081680.1632292
MAHABUBNAGAR,5355737907.902823
MAHASAMUND,3193277578.3107824
MAHENDRAGARH,1422485872.9052105
MAHESANA,7153776984.797179
MAHISAGAR,479848609.9666071
MAHOBA,1609089791.576609
MAHRAJGANJ,6714282852.936031
MAIHAR,3514362076.3401923
MAINPURI,10803909515.337679
MAJULI,29628084.126409534
MALER KOTLA,1530691334.382909
MALKANGIRI,155305795.94217288
MAMIT,22574465.058095127
MANCHERIAL,2090990578.3093076
MANDI,763133272.2331222
MANDLA,570927034.725307
MANDSAUR,1680913613.7657435
MANENDRAGARH-CHIRMIRI-BHARATPUR,357559412.27719575
MANGAN,8004683.241602697
MANSA,1383467147.1463232
MARIGAON,1408191964.6628432
MATHURA,12080192968.066658
MAU,26882899612.076797
MAUGANJ,758747261.9457403
MAYILADUTHURAI,2023027880.8450344
MAYURBHANJ,3045633340.7931166
MEDAK,2934152596.5080905
MEDCHAL_MALKAJGIRI,64446435088.746124
MEERUT,37869788474.614525
MIRPUR,140108276.09455255
MIRZAPUR,16201111974.334278
MOGA,3302056648.349946
MOHLA-MANPUR-AMBAGARH CHOWKI,61696290.49610941
MOKOKCHUNG,82630744.24053748
MON,37950402.60395312
MORADABAD,22954531125.959717
MORBI,3470387868.15865
MORENA,4227825789.329985
MULUGU,140708739.47482985
MUMBAI,18001215083.595665
MUMBAI SUBURBAN,142124102266.01855
MUNGELI,4622660989.946143
MUNGER,11862854928.842484
MURSHID>B>D,35439785633.93321
MUZAFFARABAD,3513166.798249523
MUZAFFARNAGAR,22039293403.27518
MUZAFFARPUR,42097649126.429855
Malappuram,1376920614.8002884
Mandya,4237393219.989789
Mys#ru,15448220865.669884
NABARANGAPUR,574098726.2462531
NADIA,27938818639.441692
NAGAON,5273690735.84342
NAGAPATTINAM,1498750183.2104228
NAGARKURNOOL,2724457742.814947
NAGAUR,1131360149.0205245
NAGPUR,55955668359.786964
NAINIT>L,3221237652.8392463
NALANDA,46564673225.42836
NALBARI,682660003.455764
NALGONDA,5078791926.674982
NAMAKKAL,10560841398.649841
NAMCHI,222741037.34758747
NAMSAI,27044993.42886045
NANDED,9347929867.803743
NANDURBAR,2848692028.117935
NANDYAL,3395905435.23822
NARAYANPET,1732537531.947114
NARAYANPUR,23811737.163831115
NARMADA,522546499.3694915
NARMADAPURAM,2382558661.438381
NARSINGHPUR,3043556855.116601
NASHIK,32771691856.560627
NAVSARI,4072146211.3557105
NAWADA,16488749217.243185
NAYAGARH,1035301478.7251273
NAZUL,21400952317.08448
NEEM-KA-THANA,3021466196.426482
NEEMUCH,1671387236.6192253
NEW DELHI,23098889233.88161
NICOBARS,3958093.9133259463
NIRMAL,1285760435.2141397
NIULAND,20644324.986188564
NIWARI,1630963058.801319
NIZAMABAD,4999343768.82689
NOKLAK,3739577.648525798
NONEY,9023822.808011772
NORTH,37346447450.95959
NORTH AND MIDDLE ANDAMAN,11263334.167628422
NORTH EAST,35736680556.62999
NORTH G>RO HILLS,367423299.8280462
NORTH GOA,8733630681.604752
NORTH TRIPURA,914551523.5862331
NORTH TWENTY-FOUR PARGANAS,127267455388.39455
NORTH WEST,37800567360.40854
NTR,21679587437.168518
NUAPARHA,497025533.65240204
NUH,3618765859.9315133
None,307781.3506604619
PAKKE KESSANG,7531267.53044978
PAKUR,2898769126.514224
PAKYONG,214503096.79752785
PALAMU,3226614831.948262
PALGHAR,23419880996.831688
PALI,1112749866.152141
PALNADU,6781721718.310558
PALWAL,6763371767.21148
PANCH MAHALS,4297570316.947213
PANCHKULA,4459227975.611928
PANDHURNA,367779783.6082485
PANIPAT,13892080519.858465
PANNA,918596416.8401399
PAPUMPARE,551822066.9161289
PARBHANI,3239675823.922142
PARVATHIPURAM MANYAM,371111167.340213
PASCHIM BARDDHAM>N,63390267330.03239
PASCHIM MEDIN|PUR,24285194459.851727
PASHCHIMI CHAMPARAN,10593925037.26745
PATAN,1152484210.8242362
PATHANKOT,4264671037.634273
PATIALA,10869658649.353725
PATNA,91785496339.0123
PAURI GARHW>L,885830072.925072
PEDDAPALLI,3990551079.6325383
PERAMBALUR,1167853362.62474
PEREN,25413236.57668311
PHALODI,168148115.67105377
PHEK,27786003.427444633
PHERZAWL,5884948.628041118
PILIBHIT,1829035839.6983683
PITHOR>GARH,518026116.2434978
PORBANDAR,667120807.955979
PRAKASAM,4708904079.63248
PRATAPGARH,22781023192.0128
PRAYAGRAJ,68867417134.05614
PUDUCHERRY,11135714646.163658
PUDUKKOTTAI,1624545703.4005826
PULWAMA,2401127092.7237997
PUNCH,1511818520.9071171
PUNE,149719033360.416
PURBA BARDDHAM>N,18009289991.56943
PURBA MEDIN|PUR,38194316463.84927
PURBI CHAMPARAN,11960603132.578758
PURI,6372067856.962315
PURNIA,11684801630.623089
PURULIYA,12513936057.927786
Palakkad,2837653001.309916
Pathanamthitta,743623906.6028644
R,5398413785.856814
RAE BARELI,15173663321.199257
RAIGARH,24634705710.406517
RAIPUR,29081356425.830017
RAISEN,3000610852.446277
RAJANNA SIRCILLA,1445440595.6375895
RAJAURI,1885968834.805402
RAJGARH,2489978060.9513702
RAJKOT,13303106572.443033
RAJNANDGAON,3753597009.515097
RAJSAMAND,2861353015.3922386
RAMANATHAPURAM,1095029223.5212193
RAMBAN,561575319.6944458
RAMGARH,10210512070.287714
RAMPUR,14116214091.221981
RANCHI,27857585308.582905
RANGA REDDY,65731154988.63168
RANIPET,6366293041.681617
RATLAM,2507527166.1161027
RATNAGIRI,697057870.5643417
RAYAGARHA,656982659.4985569
REWA,8256498354.170643
REWARI,2971956465.7871323
RI-BHOI,3014297191.5901175
RIASI,463187520.7222386
ROHTAK,3456037122.8538456
ROHTAS,20696586457.468082
RUDRAPRAY>G,176998719.66177154
RUPNAGAR,3015507156.555243
Raich#r,4212087932.281647
SABAR KANTHA,1781466662.1644578
SAGAR,6738500777.323421
SAHARANPUR,32307974068.430912
SAHARSA,16905394248.416203
SAHIBGANJ,3792088682.779067
SAIHA,5776789.947737407
SAITUAL,5080074.198226482
SAKTI,3802920498.386869
SALEM,30866848649.559383
SALUMBAR,536333269.81124175
SAMASTIPUR,28785650020.51346
SAMBA,3916147423.203452
SAMBALPUR,5699726559.612011
SAMBHAL,11988600547.106749
SANCHORE,247454719.5855716
SANGAREDDY,10658151534.373304
SANGLI,7874573084.118402
SANGRUR,4256944949.3214474
SANT KABIR NAGAR,5618570852.483696
SARAIKELA-KHARSAWAN,7614577169.833246
SARAN,26581767839.65402
SARANGARH-BILAIGARH,1537357158.132197
SAS NAGAR (SAHIBZADA AJIT SINGH NAGAR),22246664295.27828
SATARA,5272182671.364577
SATNA,7549507966.63805
SAWAI MADHOPUR,1765133600.9742367
SEHORE,2795030641.59156
SENAPATI,72659757.3548254
SEONI,1267130762.9788125
SEPAHIJALA,3486060520.497455
SERCHHIP,6830397.158386592
SHAHADARA,24860795353.02185
SHAHDOL,1098337499.2332404
SHAHID BHAGAT SINGH NAGAR,1035194095.2067585
SHAHJAHANPUR,6152754018.917066
SHAHPURA,740644262.2126361
SHAJAPUR,2092759866.8072512
SHAMATOR,3472352.0121432086
SHAMLI,9970687287.838795
SHEIKHPURA,4659661467.90173
SHEOHAR,2746800237.465746
SHEOPUR,1173870439.3017251
SHI YOMI,1415283.1354283735
SHIMLA,1825642253.3358781
SHIVPURI,1509829613.1668448
SHRAWASTI,806817671.8961769
SHUPIYAN,187509781.70752028
SIANG,5153373.58841421
SIBSAGAR,2024546645.494236
SIDDHARTHNAGAR,5379197573.189143
SIDDIPET,3566256360.2046785
SIDHI,2042551208.142962
SIKAR,4147182983.3236303
SIMDEGA,141451780.95255357
SINDHUDURG,231155475.2536573
SINGRAULI,4316029678.445767
SIRMAUR,891238115.6426685
SIROHI,1504435409.370526
SIRSA,1983776573.4695318
SITAMARHI,9393061885.748705
SITAPUR,7216386836.826058
SIVAGANGA,1813073172.446986
SIWAN,8835082923.082893
SOLAN,2542926417.7313952
SOLAPUR,24388170288.541325
SONBHADRA,3321882907.7152247
SONIPAT,13316854284.543646
SONITPUR,2037946274.7312233
SORENG,43413339.1973024
SOUTH,35257176278.93256
SOUTH 24PARGANAS,124343329317.2503
SOUTH ANDAMANS,166838971.76794428
SOUTH EAST,25102979030.317604
SOUTH G>RO HILLS,69665186.51012257
SOUTH GOA,5570340828.096376
SOUTH SALMARA MANCACHAR,337465574.01007164
SOUTH TRIPURA,789412047.7370096
SOUTH WEST,35212484659.997185
SOUTH WEST G>RO HILLS,149641036.72278252
SOUTH WEST KH>SI HILLS,22258555.78946538
SRI MUKTSAR SAHIB,3210487503.635741
SRI POTTI SRIRAMULU NELLORE,10348824341.178015
SRI SATHYA SAI,2584325036.9311957
SRIKAKULAM,4074199727.8007545
SRINAGAR,4082007935.3559
SUBARNAPUR,647186261.232064
SUKMA,47091376.21918718
SULTANPUR,11120412377.30719
SUNDARGARH,14665035026.54158
SUPAUL,16389116446.823946
SURAJPUR,1396232493.0531309
SURAT,56857431187.20317
SURENDRANAGAR,2930807503.6124473
SURGUJA,1306170465.2086647
SURIYAPET,2675186177.959935
Shivamogga,2560632860.7427807
TAMENGLONG,32544067.748478424
TAMULPUR,307462001.9101574
TAPI,1382422888.7316618
TARN TARAN,9388842934.011745
TAWANG,8417536.9230866
TEHRI GARHW>L,1468461388.2308064
TENGNOUPAL,38907807.61487497
TENKASI,3206147165.7947364
THANE,114056859683.16257
THANJAVUR,7157139274.118334
THE NILGIRIS,851826673.5466061
THENI,1171944915.326262
THIRUVALLUR,37366936298.10849
THIRUVARUR,2301195472.9845834
THOOTHUKUDI,5698251641.937101
THOUBAL,1086290290.2769508
TIKAMGARH,3463659611.036532
TINSUKIA,4315512236.425564
TIR>P,25964895.032895662
TIRUCHIRAPPALLI,22916284382.008938
TIRUNELVELI,6454874198.638362
TIRUPATHUR,4502574826.440727
TIRUPATI,9145274612.065542
TIRUPPUR,15601089478.865194
TIRUVANNAMALAI,5046088388.105958
TONK,1135052938.683091
TSEMINYU,6820962.089632692
TUENSANG,28464457.24604952
Thiruvananthapuram,16404272359.147923
Thrissur,4878850108.192878
Tumak#ru,6102090888.314772
UDAIPUR,5406809256.606677
UDALGURI,1751258744.746746
UDHAM SINGH NAGAR,17584892922.918205
UDHAMPUR,1738925790.3371847
UJJAIN,8433640497.864001
UKHRUL,26683894.55798351
UMARIA,756815456.0356082
UNA,1280491583.282522
UNAKOTI,596893719.4574127
UNNAO,9041827671.675303
UPPER SIANG,3129046.150485466
UPPER SUBANSIRI,13525278.593124524
UTTAR BASTAR KANKER,332412504.5640081
UTTAR DIN>JPUR,8021146497.797175
UTTARK>SHI,169172354.84189373
Udupi,1806802024.7291484
Uttara Kannada,960577106.0826892
VADODARA,34089500199.332253
VAISHALI,49221206960.91764
VALSAD,12279645633.195246
VARANASI,50706937843.44848
VELLORE,7748362678.642017
VIDISHA,2048892971.8003817
VIKARABAD,3745261140.0929146
VILUPPURAM,11256555766.171722
VIRUDHUNAGAR,4319728539.94089
VISAKHAPATNAM,26283646107.274254
VIZIANAGARAM,4638565902.75451
Vijayanagara,3444068316.330826
Vijayapura,2756543371.3063474
WANPARTI,2568381928.802221
WARANGAL,5700447480.34027
WARDHA,2171883894.4985847
WASHIM,1365103659.113863
WEST,53163550833.1741
WEST G>RO HILLS,484726547.68150365
WEST GODAVARI,5776082966.365239
WEST JAINTIA HILLS,164724995.4023653
WEST KAMENG,27813720.26392277
WEST KARBI ANGLONG,191681245.41418558
WEST KHASI HILLS,33805627.762908615
WEST SIANG,15264300.941268368
WEST SINGHBHUM,2862207156.426886
WEST TRIPURA,10277546325.54325
WOKHA,129521631.13773863
Wayanad,87200496.70898509
Y,2070313575.6466951
YADADRI BHUVANAGIRI,2589789636.549968
YAMUNANAGAR,6642598816.455319
YANAM,78962657.6504558
YAVATMAL,4594108283.730392
YSR KADAPA,6445067136.099606
ZUNHEBOTO,58796483.54334721
